study,run,suite,source_kind,variant,cores,parallelism,pass,status,input_rate,input_unit,output_rate,output_unit,elapsed_s,tm_cores,tm_cap_frac,tm_throttled_pct,kafka_cores,kafka_cap,kafka_cap_frac,gc_frac,gc_ms,tm_memory_config,broker_limit_hits,broker_refaults,broker_file_cache_bytes,broker_limit_bytes,busy_frac,backpressure_frac,source_idle,max_task_backpressured,vantage_disagreement,headroom_s,checkpoint_ms,build,started_at,source_file,notes
step,step-10,catchup,transcribed,laptop uncapped,,1,,,153846,orders/s,,,52,,,,,,,,,,,,,,1.00,0.36,,,,,11,,2026-08-24T14:16:22Z,docs/steps/step-10/catchup.txt,8M-order backlog drained with producer stopped; busy and back-pressure are peaks
step,step-10,catchup,transcribed,laptop uncapped,,2,,,166666,orders/s,,,48,,,,,,,,,,,,,,1.00,0.47,,,,,41,,2026-08-24T14:16:22Z,docs/steps/step-10/catchup.txt,8M-order backlog drained with producer stopped; busy and back-pressure are peaks
step,step-10,catchup,transcribed,laptop uncapped,,4,,,173913,orders/s,,,46,,,,,,,,,,,,,,1.00,0.66,,,,,78,,2026-08-24T14:16:22Z,docs/steps/step-10/catchup.txt,8M-order backlog drained with producer stopped; busy and back-pressure are peaks
step,step-10,paired,transcribed,4M backlog,1,1,,,148148,orders/s,,,27,,,,,,,,,,,,,,,0.42,,,,,,,2026-08-24T14:36:19Z,docs/steps/step-10/paired.txt,cores = partitions = parallelism; back-pressure is peak
step,step-10,paired,transcribed,4M backlog,2,2,,,190476,orders/s,,,21,,,,,,,,,,,,,,,0.52,,,,,,,2026-08-24T14:36:19Z,docs/steps/step-10/paired.txt,cores = partitions = parallelism; back-pressure is peak
step,step-10,paired,transcribed,4M backlog,4,4,,,173913,orders/s,,,23,,,,,,,,,,,,,,,0.87,,,,,,,2026-08-24T14:36:19Z,docs/steps/step-10/paired.txt,cores = partitions = parallelism; back-pressure is peak
step,step-10,paired-1v2-1,transcribed,12M backlog,1,1,,,157894,orders/s,,,76,,,,,,,,,,,,,,,0.48,,,,,,,2026-08-25T09:34:07Z,docs/steps/step-10/paired-1v2-1.txt,cores = partitions = parallelism; back-pressure is peak
step,step-10,paired-1v2-1,transcribed,12M backlog,2,2,,,193548,orders/s,,,62,,,,,,,,,,,,,,,0.59,,,,,,,2026-08-25T09:34:07Z,docs/steps/step-10/paired-1v2-1.txt,cores = partitions = parallelism; back-pressure is peak
step,step-10,paired-1v2-2,transcribed,12M backlog,1,1,,,166666,orders/s,,,72,,,,,,,,,,,,,,,0.47,,,,,,,2026-08-25T09:40:10Z,docs/steps/step-10/paired-1v2-2.txt,cores = partitions = parallelism; back-pressure is peak
step,step-10,paired-big1,transcribed,12M backlog,2,2,,,200000,orders/s,,,60,,,,,,,,,,,,,,,0.53,,,,,,,2026-08-25T09:10:23Z,docs/steps/step-10/paired-big1.txt,cores = partitions = parallelism; back-pressure is peak
step,step-10,paired-big1,transcribed,12M backlog,4,4,,,181818,orders/s,,,66,,,,,,,,,,,,,,,0.80,,,,,,,2026-08-25T09:10:23Z,docs/steps/step-10/paired-big1.txt,cores = partitions = parallelism; back-pressure is peak
step,step-10,paired-big2,transcribed,12M backlog,2,2,,,206896,orders/s,,,58,,,,,,,,,,,,,,,0.54,,,,,,,2026-08-25T09:16:14Z,docs/steps/step-10/paired-big2.txt,cores = partitions = parallelism; back-pressure is peak
step,step-10,paired-rep1,transcribed,4M backlog,2,2,,,200000,orders/s,,,20,,,,,,,,,,,,,,,0.50,,,,,,,2026-08-25T09:00:37Z,docs/steps/step-10/paired-rep1.txt,cores = partitions = parallelism; back-pressure is peak
step,step-10,paired-rep1,transcribed,4M backlog,4,4,,,173913,orders/s,,,23,,,,,,,,,,,,,,,0.89,,,,,,,2026-08-25T09:00:37Z,docs/steps/step-10/paired-rep1.txt,cores = partitions = parallelism; back-pressure is peak
step,step-10,paired-rep2,transcribed,4M backlog,2,2,,,200000,orders/s,,,20,,,,,,,,,,,,,,,0.56,,,,,,,2026-08-25T09:03:45Z,docs/steps/step-10/paired-rep2.txt,cores = partitions = parallelism; back-pressure is peak
step,step-10,paired-rep2,transcribed,4M backlog,4,4,,,173913,orders/s,,,23,,,,,,,,,,,,,,,0.92,,,,,,,2026-08-25T09:03:45Z,docs/steps/step-10/paired-rep2.txt,cores = partitions = parallelism; back-pressure is peak
step,step-10,paired-rep3,transcribed,4M backlog,2,2,,,173913,orders/s,,,23,,,,,,,,,,,,,,,0.49,,,,,,,2026-08-25T09:06:54Z,docs/steps/step-10/paired-rep3.txt,cores = partitions = parallelism; back-pressure is peak
step,step-10,paired-rep3,transcribed,4M backlog,4,4,,,173913,orders/s,,,23,,,,,,,,,,,,,,,0.92,,,,,,,2026-08-25T09:06:54Z,docs/steps/step-10/paired-rep3.txt,cores = partitions = parallelism; back-pressure is peak
step,step-10,saturation,transcribed,offered 309012/s,,2,,SATURATED,43300,orders/s,,,99,,,,,,,,,,,,,,0.98,0.42,,,,,,,,docs/steps/step-10/saturation.txt,live generators not a drain; rate is sustained under offered load; lag diverging
step,step-10,saturation,transcribed,offered 315854/s,,4,,SATURATED,37419,orders/s,,,91,,,,,,,,,,,,,,1.00,0.55,,,,,,,,docs/steps/step-10/saturation.txt,live generators not a drain; rate is sustained under offered load; lag diverging
step,step-11,aws-drain-p4,transcribed,AWS c5.2xlarge client; 3x kafka.m5.xlarge,,4,,,83031,orders/s,415155,records written/s,1068,6.27,,,0.66,,,,,,,,,,,,,,,,1000,,2026-08-26T02:03:39Z,docs/steps/step-11/aws-drain-p4.txt,88678174 orders; 4 partitions; task manager 627% of 800% (8 vCPU); client CPU 92% user; broker cores summed across three brokers
step,step-11,aws-drain-p8,transcribed,AWS; 3x kafka.m5.xlarge,,8,,,260053,orders/s,1300265,records written/s,341,,,,,,,,,,,,,,,,,,,,10000,,2026-08-26T03:08:05Z,docs/steps/step-11/aws-drain-p8.txt,88678174 orders; 16 partitions; 16 slots; client instance not stated in log; no CPU figures
step,step-11,aws-drain-p16,transcribed,AWS; 3x kafka.m5.xlarge,,16,,,208654,orders/s,1043270,records written/s,425,,,,,,,,,,,,,,,,,,,,10000,,2026-08-26T02:57:03Z,docs/steps/step-11/aws-drain-p16.txt,88678174 orders; 16 partitions; 32 slots; client instance not stated in log; no CPU figures
step,step-12,units,transcribed,laptop,1,1,,,30505,orders/s,,,60,1.00,,,0.10,,,,,,,,,,,0.241,,,,,5000,,2026-08-27T10:42:50Z,docs/steps/step-12/units.txt,50M-order backlog; 8 partitions; 60 s window after 240 s warm-up
step,step-12,units,transcribed,laptop,2,2,,,65721,orders/s,,,60,2.00,,,0.25,,,,,,,,,,,0.285,,,,,5000,,2026-08-27T10:42:50Z,docs/steps/step-12/units.txt,50M-order backlog; 8 partitions; 60 s window after 240 s warm-up
step,step-12,units,transcribed,laptop,4,4,,,129056,orders/s,,,60,3.94,,,0.39,,,,,,,,,,,0.516,,,,,5000,,2026-08-27T10:42:50Z,docs/steps/step-12/units.txt,50M-order backlog; 8 partitions; 60 s window after 240 s warm-up
step,step-12,units,transcribed,laptop,8,8,,,151969,orders/s,,,60,4.98,,,0.48,,,,,,,,,,,0.727,,,,,5000,,2026-08-27T10:42:50Z,docs/steps/step-12/units.txt,50M-order backlog; 8 partitions; 60 s window after 240 s warm-up; ceiling
step,step-12,units-aws,transcribed,AWS c7i.4xlarge client; 2x kafka.m5.large,1,1,1,,43974,orders/s,,,60,1.00,,,0.31,,,,,,,,,,,0.199,,,,,10000,,2026-08-29T13:56:12Z,docs/steps/step-12/units-aws-1.txt,120M-order backlog; 8 partitions; 60 s window after 120 s warm-up
step,step-12,units-aws,transcribed,AWS c7i.4xlarge client; 2x kafka.m5.large,1,1,2,,43101,orders/s,,,60,1.00,,,0.29,,,,,,,,,,,0.209,,,,,10000,,2026-08-29T14:18:07Z,docs/steps/step-12/units-aws-1b.txt,120M-order backlog; 8 partitions; 60 s window after 120 s warm-up
step,step-12,units-aws,transcribed,AWS c7i.4xlarge client; 2x kafka.m5.large,2,2,1,,64669,orders/s,,,60,2.00,,,0.43,,,,,,,,,,,0.230,,,,,10000,,2026-08-29T13:49:29Z,docs/steps/step-12/units-aws-2.txt,120M-order backlog; 8 partitions; 60 s window after 120 s warm-up
step,step-12,units-aws,transcribed,AWS c7i.4xlarge client; 2x kafka.m5.large,2,2,2,,63543,orders/s,,,60,2.00,,,0.35,,,,,,,,,,,0.181,,,,,10000,,2026-08-29T14:06:03Z,docs/steps/step-12/units-aws-2b.txt,120M-order backlog; 8 partitions; 60 s window after 120 s warm-up
step,step-12,units-aws,transcribed,AWS c7i.4xlarge client; 2x kafka.m5.large,4,4,1,,104912,orders/s,,,60,3.99,,,0.45,,,,,,,,,,,0.349,,,,,10000,,2026-08-29,docs/steps/step-12/units-aws.txt,measured once; per-pass file not kept
step,step-12,units-aws,transcribed,AWS c7i.4xlarge client; 2x kafka.m5.large,8,8,1,,181133,orders/s,,,60,7.99,,,0.62,,,,,,,,,,,0.654,,,,,10000,,2026-08-29,docs/steps/step-12/units-aws.txt,measured once; per-pass file not kept
clean-room,1,suite,transcribed,,1,,,,54029,trades/s,,,,0.99,,,0.32,2,,,,,,,,,,,,,,,,,,docs/skill-validation/clean-room/clean-room-run-1.md,one published value per case
clean-room,1,suite,transcribed,,2,,,,128007,trades/s,,,,2.00,,,0.55,,,,,,,,,,,,,,,,,,,docs/skill-validation/clean-room/clean-room-run-1.md,one published value per case
clean-room,1,suite,transcribed,,3,,,,179827,trades/s,,,,3.01,,,0.61,,,,,,,,,,,,,,,,,,,docs/skill-validation/clean-room/clean-room-run-1.md,one published value per case
clean-room,1,suite,transcribed,,4,,,,242983,trades/s,,,,4.02,,,0.64,,,,,,,,,,,,,,,,,,,docs/skill-validation/clean-room/clean-room-run-1.md,one published value per case
clean-room,2,broker-squeeze,transcribed,broker cap 0.10,4,,,REFUSED,,orders/s,,,,,,,,0.10,,,,,,,,,,,,,,,,,,docs/skill-validation/clean-room/clean-room-run-2.md,refused; no rate published
clean-room,2,broker-squeeze,transcribed,broker cap 0.15,4,,,,134811,orders/s,,,,3.30,,,,0.15,1.00,,,,,,,,,,,,,,,,,docs/skill-validation/clean-room/clean-room-run-2.md,
clean-room,2,broker-squeeze,transcribed,broker cap 0.25,4,,,,229806,orders/s,,,,4.00,,,,0.25,1.00,,,,,,,,,,,,,,,,,docs/skill-validation/clean-room/clean-room-run-2.md,
clean-room,2,broker-squeeze,transcribed,broker cap 0.50,4,,,,272180,orders/s,,,,4.02,,,,0.50,0.56,,,,,,,,,,,,,,,,,docs/skill-validation/clean-room/clean-room-run-2.md,
clean-room,2,broker-squeeze,transcribed,broker cap 1.00,4,,,,273953,orders/s,,,,4.03,,,,1.00,0.31,,,,,,,,,,,,,,,,,docs/skill-validation/clean-room/clean-room-run-2.md,
clean-room,2,broker-squeeze,transcribed,broker cap 2.00,4,,,,262599,orders/s,,,,4.03,,,,2.00,0.16,,,,,,,,,,,,,,,,,docs/skill-validation/clean-room/clean-room-run-2.md,
clean-room,2,suite,transcribed,,1,,,,65027,orders/s,,,,0.99,0.99,,0.08,2,,,,,,,,,,,,,,,,,,docs/skill-validation/clean-room/clean-room-run-2.md,one published value per case
clean-room,2,suite,transcribed,,2,,,,130290,orders/s,,,,2.02,1.01,,0.19,,,,,,,,,,,,,,,,,,,docs/skill-validation/clean-room/clean-room-run-2.md,one published value per case
clean-room,2,suite,transcribed,,3,,,,203914,orders/s,,,,2.99,1.00,,0.23,,,,,,,,,,,,,,,,,,,docs/skill-validation/clean-room/clean-room-run-2.md,one published value per case
clean-room,2,suite,transcribed,,4,,,,262599,orders/s,,,,4.03,1.01,,0.31,,,,,,,,,,,,,,,,,,,docs/skill-validation/clean-room/clean-room-run-2.md,one published value per case
clean-room,3,suite,transcribed,,1,,,,82452,trades/s,824518,position updates/s,,0.98,,,0.42,,,,,,,,,,,0.54,,,,,,,,docs/skill-validation/clean-room/clean-room-run-3.md,one published value per case
clean-room,3,suite,transcribed,,2,,,,128425,trades/s,1284254,position updates/s,,1.80,,,0.84,,,,,,,,,,,0.44,,,,,,,,docs/skill-validation/clean-room/clean-room-run-3.md,one published value per case
clean-room,3,suite,transcribed,,4,,,,288220,trades/s,2882207,position updates/s,,3.90,,,0.75,,,,,,,,,,,0.24,,,,,,,,docs/skill-validation/clean-room/clean-room-run-3.md,one published value per case
clean-room,4,suite,transcribed,,1,,,,43437,orders/s,221295,allocations/s,,1.00,,,,,,,,,,,,,1.00,0.00,,,,,,,,docs/skill-validation/clean-room/clean-room-run-4.md,SQL API; one published value per case
clean-room,4,suite,transcribed,,2,,,,92268,orders/s,471425,allocations/s,,2.00,,,,,,,,,,,,,1.00,0.00,,,,,,,,docs/skill-validation/clean-room/clean-room-run-4.md,SQL API; one published value per case
clean-room,4,suite,transcribed,,4,,,,164393,orders/s,856510,allocations/s,,4.14,,,,,,,,,,,,,1.00,0.00,,,,,,,,docs/skill-validation/clean-room/clean-room-run-4.md,SQL API; one published value per case
clean-room,5,broker-squeeze,transcribed,broker cap 0.5,4,,,,119828,orders/s,,,,3.21,,,,0.5,,,,,,,,,,0.681,,,,,,,,docs/skill-validation/clean-room/clean-room-run-5.md,
clean-room,5,broker-squeeze,transcribed,broker cap 1.0,4,,,,198670,orders/s,,,,3.78,,,,1.0,,,,,,,,,,0.427,,,,,,,,docs/skill-validation/clean-room/clean-room-run-5.md,
clean-room,5,broker-squeeze,transcribed,broker cap 2.0,4,,,,234809,orders/s,,,,3.79,,,,2.0,,,,,,,,,,0.354,,,,,,,,docs/skill-validation/clean-room/clean-room-run-5.md,
clean-room,5,suite,transcribed,,1,1,,,71278,orders/s,,,,1.00,1.00,,0.92,8.0,,,,,,,,,0.934,0.376,,,,,,,,docs/skill-validation/clean-room/clean-room-run-5.md,one published value per case
clean-room,5,suite,transcribed,,2,2,,,139113,orders/s,,,,2.00,1.00,,1.07,8.0,,,,,,,,,0.937,0.365,,,,,,,,docs/skill-validation/clean-room/clean-room-run-5.md,one published value per case
clean-room,5,suite,transcribed,,3,3,,,167804,orders/s,,,,2.91,0.97,,1.06,8.0,,,,,,,,,0.970,0.465,,,,,,,,docs/skill-validation/clean-room/clean-room-run-5.md,one published value per case
clean-room,5,suite,transcribed,,4,4,,,201033,orders/s,,,,3.78,0.94,,1.19,8.0,,,,,,,,,0.954,0.436,,,,,,,,docs/skill-validation/clean-room/clean-room-run-5.md,one published value per case; below the 95% cap floor
clean-room,6,broker-squeeze,transcribed,broker cap 0.5,4,4,,,253604,blocks/s,,,,,0.950,,,0.5,0.956,,,,,,,,,,,,,,,,,docs/skill-validation/clean-room/clean-room-run-6.md,
clean-room,6,broker-squeeze,transcribed,broker cap 1.0,4,4,,,323765,blocks/s,,,,,0.992,,,1.0,0.651,,,,,,,,,,,,,,,,,docs/skill-validation/clean-room/clean-room-run-6.md,
clean-room,6,broker-squeeze,transcribed,broker cap 2.0,4,4,,,306567,blocks/s,,,,,0.999,,,2.0,0.384,,,,,,,,,,,,,,,,,docs/skill-validation/clean-room/clean-room-run-6.md,
clean-room,6,suite,transcribed,,1,1,asc,,81651,blocks/s,,,,,1.000,,,,,,,,,,,,,,,,,,,,,docs/skill-validation/clean-room/clean-room-run-6.md,TM % of cap is published once per case; recorded on the asc row
clean-room,6,suite,transcribed,,1,1,desc,,85460,blocks/s,,,,,,,,,,,,,,,,,,,,,,,,,,docs/skill-validation/clean-room/clean-room-run-6.md,
clean-room,6,suite,transcribed,,2,2,asc,,182025,blocks/s,,,,,0.999,,,,,,,,,,,,,,,,,,,,,docs/skill-validation/clean-room/clean-room-run-6.md,TM % of cap is published once per case; recorded on the asc row
clean-room,6,suite,transcribed,,2,2,desc,,161299,blocks/s,,,,,,,,,,,,,,,,,,,,,,,,,,docs/skill-validation/clean-room/clean-room-run-6.md,
clean-room,6,suite,transcribed,,3,3,asc,,223091,blocks/s,,,,,0.997,,,,,,,,,,,,,,,,,,,,,docs/skill-validation/clean-room/clean-room-run-6.md,TM % of cap is published once per case; recorded on the asc row
clean-room,6,suite,transcribed,,3,3,desc,,196982,blocks/s,,,,,,,,,,,,,,,,,,,,,,,,,,docs/skill-validation/clean-room/clean-room-run-6.md,
clean-room,6,suite,transcribed,,4,4,asc,,318868,blocks/s,,,,,1.000,,0.70,8,,,,,,,,,,,,,,,,,,docs/skill-validation/clean-room/clean-room-run-6.md,TM % of cap is published once per case; broker cores from the window table (60 s window)
clean-room,6,suite,transcribed,,4,4,desc,,315977,blocks/s,,,,,,,,,,,,,,,,,,,,,,,,,,docs/skill-validation/clean-room/clean-room-run-6.md,
clean-room,6,window-length,transcribed,190 s window,4,4,,,229469,blocks/s,,,,,0.942,,0.48,8,,,,,,,,,,,,,,,,,,docs/skill-validation/clean-room/clean-room-run-6.md,same case as the 60 s window row; longer window
clean-room,7,suite,transcribed,,1,1,,,82530,trades/s,825294,output records/s,,,1.00,,,,,,,,,,,,,0.0,,,,,,,,docs/skill-validation/clean-room/clean-room-run-7.md,one published value per case; vantage disagreement 0.00%
clean-room,7,suite,transcribed,,2,2,,,138280,trades/s,1384025,output records/s,,,1.00,,,,,,,,,,,,,0.0,,,,,,,,docs/skill-validation/clean-room/clean-room-run-7.md,one published value per case; vantage disagreement 0.09%
clean-room,7,suite,transcribed,,3,3,,,178089,trades/s,1783553,output records/s,,,1.02,,,,,,,,,,,,,0.0,,,,,,,,docs/skill-validation/clean-room/clean-room-run-7.md,one published value per case; vantage disagreement 0.15%
clean-room,7,suite,transcribed,,4,4,,,267734,trades/s,2681017,output records/s,,,1.01,,,,,,,,,,,,,0.0,,,,,,,,docs/skill-validation/clean-room/clean-room-run-7.md,one published value per case; vantage disagreement 0.14%
clean-room,8,broker-squeeze,transcribed,broker cap 0.5,4,4,,,378403,blocks/s,,,,,0.981,,0.46,0.5,0.92,,,,,,,,,,,,,,,,,docs/skill-validation/clean-room/clean-room-run-8.md,
clean-room,8,broker-squeeze,transcribed,broker cap 1.0,4,4,,,435514,blocks/s,,,,,0.969,,0.58,1.0,0.58,,,,,,,,,,,,,,,,,docs/skill-validation/clean-room/clean-room-run-8.md,
clean-room,8,broker-squeeze,transcribed,broker cap 2.0,4,4,,,400043,blocks/s,,,,,0.996,,0.55,2.0,0.28,,,,,,,,,,,,,,,,,docs/skill-validation/clean-room/clean-room-run-8.md,
clean-room,8,naive-baseline,transcribed,1 vertex fully chained no shuffle,1,1,,,211533,blocks/s,,,,,,,,,,,,,,,,,,,,,,,,,,docs/skill-validation/clean-room/clean-room-run-8.md,job graph differs from every other case; not comparable
clean-room,8,suite,transcribed,,1,1,,,140308,blocks/s,1392525,output records/s,,0.99,0.989,,0.15,,,,,,,,,,,,,,,,,,,docs/skill-validation/clean-room/clean-room-run-8.md,one published value per case; internal back-pressure 50-57%; sink back-pressure 0.0
clean-room,8,suite,transcribed,,2,2,,,255280,blocks/s,2528446,output records/s,,,,,0.36,,,,,,,,,,,,,,,,,,,docs/skill-validation/clean-room/clean-room-run-8.md,one published value per case; TM used 1.94-1.98; 96.8-98.8% of cap; internal back-pressure 36-42%
clean-room,8,suite,transcribed,,3,3,,,351299,blocks/s,3498305,output records/s,,,,,0.47,,,,,,,,,,,,,,,,,,,docs/skill-validation/clean-room/clean-room-run-8.md,one published value per case; TM used 2.96-2.99; 98.8-99.8% of cap; internal back-pressure 32-39%
clean-room,8,suite,transcribed,,4,4,,,457264,blocks/s,4549596,output records/s,,,,,0.60,,,,,,,,,,,,,,,,,,,docs/skill-validation/clean-room/clean-room-run-8.md,one published value per case; TM used 3.97-3.99; 99.3-99.8% of cap; internal back-pressure 34-41%
clean-room,9,suite1-2pass,record,,1,,1,,234108,input legs/s (4 per order),,,,,,,,,,,,,,,,,,,,,,,,,,docs/runs/harness-record/run9-suite1-2pass.json,"rate only; step valid: {""1->2"": true, ""2->4"": true}"
clean-room,9,suite1-2pass,record,,1,,2,,232863,input legs/s (4 per order),,,,,,,,,,,,,,,,,,,,,,,,,,docs/runs/harness-record/run9-suite1-2pass.json,"rate only; step valid: {""1->2"": true, ""2->4"": true}"
clean-room,9,suite1-2pass,record,,2,,1,,508083,input legs/s (4 per order),,,,,,,,,,,,,,,,,,,,,,,,,,docs/runs/harness-record/run9-suite1-2pass.json,"rate only; step valid: {""1->2"": true, ""2->4"": true}"
clean-room,9,suite1-2pass,record,,2,,2,,467447,input legs/s (4 per order),,,,,,,,,,,,,,,,,,,,,,,,,,docs/runs/harness-record/run9-suite1-2pass.json,"rate only; step valid: {""1->2"": true, ""2->4"": true}"
clean-room,9,suite1-2pass,record,,4,,1,,1078740,input legs/s (4 per order),,,,,,,,,,,,,,,,,,,,,,,,,,docs/runs/harness-record/run9-suite1-2pass.json,"rate only; step valid: {""1->2"": true, ""2->4"": true}"
clean-room,9,suite1-2pass,record,,4,,2,,1052559,input legs/s (4 per order),,,,,,,,,,,,,,,,,,,,,,,,,,docs/runs/harness-record/run9-suite1-2pass.json,"rate only; step valid: {""1->2"": true, ""2->4"": true}"
clean-room,9,suite2-20s-windows,record,,1,,1,,157135,input legs/s (4 per order),,,,,,,,,,,,,,,,,,,,,,,,,,docs/runs/harness-record/run9-suite2-20s-windows.json,"rate only; step valid: {""1->2"": false, ""2->4"": true}"
clean-room,9,suite2-20s-windows,record,,1,,2,,239919,input legs/s (4 per order),,,,,,,,,,,,,,,,,,,,,,,,,,docs/runs/harness-record/run9-suite2-20s-windows.json,"rate only; step valid: {""1->2"": false, ""2->4"": true}"
clean-room,9,suite2-20s-windows,record,,2,,1,,458555,input legs/s (4 per order),,,,,,,,,,,,,,,,,,,,,,,,,,docs/runs/harness-record/run9-suite2-20s-windows.json,"rate only; step valid: {""1->2"": false, ""2->4"": true}"
clean-room,9,suite2-20s-windows,record,,2,,2,,513005,input legs/s (4 per order),,,,,,,,,,,,,,,,,,,,,,,,,,docs/runs/harness-record/run9-suite2-20s-windows.json,"rate only; step valid: {""1->2"": false, ""2->4"": true}"
clean-room,9,suite2-20s-windows,record,,4,,1,,1108756,input legs/s (4 per order),,,,,,,,,,,,,,,,,,,,,,,,,,docs/runs/harness-record/run9-suite2-20s-windows.json,"rate only; step valid: {""1->2"": false, ""2->4"": true}"
clean-room,9,suite2-20s-windows,record,,4,,2,,1082052,input legs/s (4 per order),,,,,,,,,,,,,,,,,,,,,,,,,,docs/runs/harness-record/run9-suite2-20s-windows.json,"rate only; step valid: {""1->2"": false, ""2->4"": true}"
clean-room,9,suite3-45s-windows,record,,1,,1,,234012,input legs/s (4 per order),,,,,,,,,,,,,,,,,,,,,,,,,,docs/runs/harness-record/run9-suite3-45s-windows.json,"rate only; step valid: {""1->2"": true, ""2->4"": true}"
clean-room,9,suite3-45s-windows,record,,1,,2,,240123,input legs/s (4 per order),,,,,,,,,,,,,,,,,,,,,,,,,,docs/runs/harness-record/run9-suite3-45s-windows.json,"rate only; step valid: {""1->2"": true, ""2->4"": true}"
clean-room,9,suite3-45s-windows,record,,1,,3,,225688,input legs/s (4 per order),,,,,,,,,,,,,,,,,,,,,,,,,,docs/runs/harness-record/run9-suite3-45s-windows.json,"rate only; step valid: {""1->2"": true, ""2->4"": true}"
clean-room,9,suite3-45s-windows,record,,2,,1,,526534,input legs/s (4 per order),,,,,,,,,,,,,,,,,,,,,,,,,,docs/runs/harness-record/run9-suite3-45s-windows.json,"rate only; step valid: {""1->2"": true, ""2->4"": true}"
clean-room,9,suite3-45s-windows,record,,2,,2,,490330,input legs/s (4 per order),,,,,,,,,,,,,,,,,,,,,,,,,,docs/runs/harness-record/run9-suite3-45s-windows.json,"rate only; step valid: {""1->2"": true, ""2->4"": true}"
clean-room,9,suite3-45s-windows,record,,2,,3,,472885,input legs/s (4 per order),,,,,,,,,,,,,,,,,,,,,,,,,,docs/runs/harness-record/run9-suite3-45s-windows.json,"rate only; step valid: {""1->2"": true, ""2->4"": true}"
clean-room,9,suite3-45s-windows,record,,4,,1,,958484,input legs/s (4 per order),,,,,,,,,,,,,,,,,,,,,,,,,,docs/runs/harness-record/run9-suite3-45s-windows.json,"rate only; step valid: {""1->2"": true, ""2->4"": true}"
clean-room,9,suite3-45s-windows,record,,4,,2,,1024243,input legs/s (4 per order),,,,,,,,,,,,,,,,,,,,,,,,,,docs/runs/harness-record/run9-suite3-45s-windows.json,"rate only; step valid: {""1->2"": true, ""2->4"": true}"
clean-room,9,suite3-45s-windows,record,,4,,3,,954100,input legs/s (4 per order),,,,,,,,,,,,,,,,,,,,,,,,,,docs/runs/harness-record/run9-suite3-45s-windows.json,"rate only; step valid: {""1->2"": true, ""2->4"": true}"
clean-room,9,suite4-60s-windows,record,,1,,1,,222242,input legs/s (4 per order),,,,,,,,,,,,,,,,,,,,,,,,,,docs/runs/harness-record/run9-suite4-60s-windows.json,"rate only; step valid: {""1->2"": true, ""2->4"": true}"
clean-room,9,suite4-60s-windows,record,,1,,2,,227956,input legs/s (4 per order),,,,,,,,,,,,,,,,,,,,,,,,,,docs/runs/harness-record/run9-suite4-60s-windows.json,"rate only; step valid: {""1->2"": true, ""2->4"": true}"
clean-room,9,suite4-60s-windows,record,,1,,3,,240678,input legs/s (4 per order),,,,,,,,,,,,,,,,,,,,,,,,,,docs/runs/harness-record/run9-suite4-60s-windows.json,"rate only; step valid: {""1->2"": true, ""2->4"": true}"
clean-room,9,suite4-60s-windows,record,,2,,1,,476651,input legs/s (4 per order),,,,,,,,,,,,,,,,,,,,,,,,,,docs/runs/harness-record/run9-suite4-60s-windows.json,"rate only; step valid: {""1->2"": true, ""2->4"": true}"
clean-room,9,suite4-60s-windows,record,,2,,2,,485167,input legs/s (4 per order),,,,,,,,,,,,,,,,,,,,,,,,,,docs/runs/harness-record/run9-suite4-60s-windows.json,"rate only; step valid: {""1->2"": true, ""2->4"": true}"
clean-room,9,suite4-60s-windows,record,,2,,3,,446132,input legs/s (4 per order),,,,,,,,,,,,,,,,,,,,,,,,,,docs/runs/harness-record/run9-suite4-60s-windows.json,"rate only; step valid: {""1->2"": true, ""2->4"": true}"
clean-room,9,suite4-60s-windows,record,,4,,1,,965033,input legs/s (4 per order),,,,,,,,,,,,,,,,,,,,,,,,,,docs/runs/harness-record/run9-suite4-60s-windows.json,"rate only; step valid: {""1->2"": true, ""2->4"": true}"
clean-room,9,suite4-60s-windows,record,,4,,2,,1025452,input legs/s (4 per order),,,,,,,,,,,,,,,,,,,,,,,,,,docs/runs/harness-record/run9-suite4-60s-windows.json,"rate only; step valid: {""1->2"": true, ""2->4"": true}"
clean-room,9,suite4-60s-windows,record,,4,,3,,1128467,input legs/s (4 per order),,,,,,,,,,,,,,,,,,,,,,,,,,docs/runs/harness-record/run9-suite4-60s-windows.json,"rate only; step valid: {""1->2"": true, ""2->4"": true}"
clean-room,9,suite5-headroom,record,,1,,1,,250818,input legs/s (4 per order),,,,,,,,,,,,,,,,,,,,,,,,,,docs/runs/harness-record/run9-suite5-headroom.json,"rate only; step valid: {""1->2"": false, ""2->4"": false}"
clean-room,9,suite5-headroom,record,,2,,1,,496270,input legs/s (4 per order),,,,,,,,,,,,,,,,,,,,,,,,,,docs/runs/harness-record/run9-suite5-headroom.json,"rate only; step valid: {""1->2"": false, ""2->4"": false}"
clean-room,9,suite5-headroom,record,,4,,1,,1034084,input legs/s (4 per order),,,,,,,,,,,,,,,,,,,,,,,,,,docs/runs/harness-record/run9-suite5-headroom.json,"rate only; step valid: {""1->2"": false, ""2->4"": false}"
clean-room,9,suite6-strictwarm,record,,1,,1,,220698,input legs/s (4 per order),,,,,,,,,,,,,,,,,,,,,,,,,,docs/runs/harness-record/run9-suite6-strictwarm.json,"rate only; step valid: {""1->2"": true, ""2->4"": true}"
clean-room,9,suite6-strictwarm,record,,1,,2,,237923,input legs/s (4 per order),,,,,,,,,,,,,,,,,,,,,,,,,,docs/runs/harness-record/run9-suite6-strictwarm.json,"rate only; step valid: {""1->2"": true, ""2->4"": true}"
clean-room,9,suite6-strictwarm,record,,1,,3,,258017,input legs/s (4 per order),,,,,,,,,,,,,,,,,,,,,,,,,,docs/runs/harness-record/run9-suite6-strictwarm.json,"rate only; step valid: {""1->2"": true, ""2->4"": true}"
clean-room,9,suite6-strictwarm,record,,2,,1,,535540,input legs/s (4 per order),,,,,,,,,,,,,,,,,,,,,,,,,,docs/runs/harness-record/run9-suite6-strictwarm.json,"rate only; step valid: {""1->2"": true, ""2->4"": true}"
clean-room,9,suite6-strictwarm,record,,2,,2,,478229,input legs/s (4 per order),,,,,,,,,,,,,,,,,,,,,,,,,,docs/runs/harness-record/run9-suite6-strictwarm.json,"rate only; step valid: {""1->2"": true, ""2->4"": true}"
clean-room,9,suite6-strictwarm,record,,2,,3,,492920,input legs/s (4 per order),,,,,,,,,,,,,,,,,,,,,,,,,,docs/runs/harness-record/run9-suite6-strictwarm.json,"rate only; step valid: {""1->2"": true, ""2->4"": true}"
clean-room,9,suite6-strictwarm,record,,4,,1,,1071458,input legs/s (4 per order),,,,,,,,,,,,,,,,,,,,,,,,,,docs/runs/harness-record/run9-suite6-strictwarm.json,"rate only; step valid: {""1->2"": true, ""2->4"": true}"
clean-room,9,suite6-strictwarm,record,,4,,2,,1072768,input legs/s (4 per order),,,,,,,,,,,,,,,,,,,,,,,,,,docs/runs/harness-record/run9-suite6-strictwarm.json,"rate only; step valid: {""1->2"": true, ""2->4"": true}"
clean-room,9,suite6-strictwarm,record,,4,,3,,1101711,input legs/s (4 per order),,,,,,,,,,,,,,,,,,,,,,,,,,docs/runs/harness-record/run9-suite6-strictwarm.json,"rate only; step valid: {""1->2"": true, ""2->4"": true}"
clean-room,9,suite7-final,record,,1,,1,,253551,input legs/s (4 per order),,,,,,,,,,,,,,,,,,,,,,,,,,docs/runs/harness-record/run9-suite7-final.json,"rate only; step valid: {""1->2"": true, ""2->4"": true}"
clean-room,9,suite7-final,record,,1,,2,,283515,input legs/s (4 per order),,,,,,,,,,,,,,,,,,,,,,,,,,docs/runs/harness-record/run9-suite7-final.json,"rate only; step valid: {""1->2"": true, ""2->4"": true}"
clean-room,9,suite7-final,record,,1,,3,,292511,input legs/s (4 per order),,,,,,,,,,,,,,,,,,,,,,,,,,docs/runs/harness-record/run9-suite7-final.json,"rate only; step valid: {""1->2"": true, ""2->4"": true}"
clean-room,9,suite7-final,record,,2,,1,,533570,input legs/s (4 per order),,,,,,,,,,,,,,,,,,,,,,,,,,docs/runs/harness-record/run9-suite7-final.json,"rate only; step valid: {""1->2"": true, ""2->4"": true}"
clean-room,9,suite7-final,record,,2,,2,,543745,input legs/s (4 per order),,,,,,,,,,,,,,,,,,,,,,,,,,docs/runs/harness-record/run9-suite7-final.json,"rate only; step valid: {""1->2"": true, ""2->4"": true}"
clean-room,9,suite7-final,record,,2,,3,,563312,input legs/s (4 per order),,,,,,,,,,,,,,,,,,,,,,,,,,docs/runs/harness-record/run9-suite7-final.json,"rate only; step valid: {""1->2"": true, ""2->4"": true}"
clean-room,9,suite7-final,record,,4,,1,,1058231,input legs/s (4 per order),,,,,,,,,,,,,,,,,,,,,,,,,,docs/runs/harness-record/run9-suite7-final.json,"rate only; step valid: {""1->2"": true, ""2->4"": true}"
clean-room,9,suite7-final,record,,4,,2,,1090517,input legs/s (4 per order),,,,,,,,,,,,,,,,,,,,,,,,,,docs/runs/harness-record/run9-suite7-final.json,"rate only; step valid: {""1->2"": true, ""2->4"": true}"
clean-room,9,suite7-final,record,,4,,3,,1063749,input legs/s (4 per order),,,,,,,,,,,,,,,,,,,,,,,,,,docs/runs/harness-record/run9-suite7-final.json,"rate only; step valid: {""1->2"": true, ""2->4"": true}"
clean-room,10,suiteA-retention400MB,record,,2,,1,,123939,block trades/s,,,,,,,,,,,,,,,,,,,,,,,,,,docs/runs/harness-record/run10-suiteA-retention400MB.json,"rate only; step valid: {""2->4"": false}"
clean-room,10,suiteA-retention400MB,record,,2,,2,,146243,block trades/s,,,,,,,,,,,,,,,,,,,,,,,,,,docs/runs/harness-record/run10-suiteA-retention400MB.json,"rate only; step valid: {""2->4"": false}"
clean-room,10,suiteA-retention400MB,record,,2,,3,,53243,block trades/s,,,,,,,,,,,,,,,,,,,,,,,,,,docs/runs/harness-record/run10-suiteA-retention400MB.json,"rate only; step valid: {""2->4"": false}"
clean-room,10,suiteA-retention400MB,record,,4,,1,,327824,block trades/s,,,,,,,,,,,,,,,,,,,,,,,,,,docs/runs/harness-record/run10-suiteA-retention400MB.json,"rate only; step valid: {""2->4"": false}"
clean-room,10,suiteA-retention400MB,record,,4,,2,,333242,block trades/s,,,,,,,,,,,,,,,,,,,,,,,,,,docs/runs/harness-record/run10-suiteA-retention400MB.json,"rate only; step valid: {""2->4"": false}"
clean-room,10,suiteA-retention400MB,record,,4,,3,,275038,block trades/s,,,,,,,,,,,,,,,,,,,,,,,,,,docs/runs/harness-record/run10-suiteA-retention400MB.json,"rate only; step valid: {""2->4"": false}"
clean-room,10,suiteB-retention2GB,record,,2,,1,,192452,block trades/s,,,,,,,,,,,,,,,,,,,,,,,,,,docs/runs/harness-record/run10-suiteB-retention2GB.json,"rate only; step valid: {""2->4"": true}"
clean-room,10,suiteB-retention2GB,record,,2,,2,,200124,block trades/s,,,,,,,,,,,,,,,,,,,,,,,,,,docs/runs/harness-record/run10-suiteB-retention2GB.json,"rate only; step valid: {""2->4"": true}"
clean-room,10,suiteB-retention2GB,record,,2,,3,,178740,block trades/s,,,,,,,,,,,,,,,,,,,,,,,,,,docs/runs/harness-record/run10-suiteB-retention2GB.json,"rate only; step valid: {""2->4"": true}"
clean-room,10,suiteB-retention2GB,record,,4,,1,,397757,block trades/s,,,,,,,,,,,,,,,,,,,,,,,,,,docs/runs/harness-record/run10-suiteB-retention2GB.json,"rate only; step valid: {""2->4"": true}"
clean-room,10,suiteB-retention2GB,record,,4,,2,,383527,block trades/s,,,,,,,,,,,,,,,,,,,,,,,,,,docs/runs/harness-record/run10-suiteB-retention2GB.json,"rate only; step valid: {""2->4"": true}"
clean-room,10,suiteB-retention2GB,record,,4,,3,,401662,block trades/s,,,,,,,,,,,,,,,,,,,,,,,,,,docs/runs/harness-record/run10-suiteB-retention2GB.json,"rate only; step valid: {""2->4"": true}"
clean-room,10,suiteC-strict-scatter,record,,2,,1,,197365,block trades/s,,,,,,,,,,,,,,,,,,,,,,,,,,docs/runs/harness-record/run10-suiteC-strict-scatter.json,"rate only; step valid: {""2->4"": false}"
clean-room,10,suiteC-strict-scatter,record,,4,,1,,245264,block trades/s,,,,,,,,,,,,,,,,,,,,,,,,,,docs/runs/harness-record/run10-suiteC-strict-scatter.json,"rate only; step valid: {""2->4"": false}"
clean-room,10,suiteD-final,record,,2,,1,,218714,block trades/s,,,,,,,,,,,,,,,,,,,,,,,,,,docs/runs/harness-record/run10-suiteD-final.json,"rate only; step valid: {""2->4"": false}"
clean-room,10,suiteD-final,record,,2,,2,,206952,block trades/s,,,,,,,,,,,,,,,,,,,,,,,,,,docs/runs/harness-record/run10-suiteD-final.json,"rate only; step valid: {""2->4"": false}"
clean-room,10,suiteD-final,record,,2,,3,,182561,block trades/s,,,,,,,,,,,,,,,,,,,,,,,,,,docs/runs/harness-record/run10-suiteD-final.json,"rate only; step valid: {""2->4"": false}"
clean-room,10,suiteD-final,record,,4,,1,,411255,block trades/s,,,,,,,,,,,,,,,,,,,,,,,,,,docs/runs/harness-record/run10-suiteD-final.json,"rate only; step valid: {""2->4"": false}"
clean-room,10,suiteD-final,record,,4,,2,,411718,block trades/s,,,,,,,,,,,,,,,,,,,,,,,,,,docs/runs/harness-record/run10-suiteD-final.json,"rate only; step valid: {""2->4"": false}"
clean-room,10,suiteD-final,record,,4,,3,,310504,block trades/s,,,,,,,,,,,,,,,,,,,,,,,,,,docs/runs/harness-record/run10-suiteD-final.json,"rate only; step valid: {""2->4"": false}"
clean-room,11,suite,suite.json,,2,,p1-asc,REFUSED,404032.7,block-trades/s,1616130.7,output records/s,60.12,1.928,0.9639,99.7,0.282,,0.1129,0.0295,3550.0,2560m,,,,,0.7218,0.1596,0.1182,0.1596,0.0023,356.2,10000,6ee9600b17e9ba41,2026-09-04T04:03:26Z,docs/skill-validation/clean-room/run-11/suite.json,
clean-room,11,suite,suite.json,,2,,p2-desc,OK,376886.0,block-trades/s,1507544.2,output records/s,60.15,2.002,1.0008,100.0,0.297,,0.1189,0.0324,3896.0,2560m,,,,,0.7339,0.1514,0.1147,0.1514,0.0022,385.8,10000,6ee9600b17e9ba41,2026-09-04T04:14:53Z,docs/skill-validation/clean-room/run-11/suite.json,
clean-room,11,suite,suite.json,,2,,p3-asc,OK,392293.0,block-trades/s,1569172.0,output records/s,60.12,1.994,0.9971,100.0,0.298,,0.119,0.0312,3746.0,2560m,,,,,0.7393,0.14,0.1207,0.14,0.001,367.9,10000,6ee9600b17e9ba41,2026-09-04T04:18:55Z,docs/skill-validation/clean-room/run-11/suite.json,
clean-room,11,suite,suite.json,,4,,p1-asc,OK,687827.2,block-trades/s,2751308.7,output records/s,69.83,3.869,0.9672,93.3,0.529,,0.2115,0.0202,5636.0,2560m,,,,,0.8024,0.1061,0.0915,0.1061,0.0035,126.3,10000,6ee9600b17e9ba41,2026-09-04T04:06:59Z,docs/skill-validation/clean-room/run-11/suite.json,
clean-room,11,suite,suite.json,,4,,p2-desc,OK,693104.3,block-trades/s,2772417.0,output records/s,60.09,3.929,0.9823,97.0,0.514,,0.2055,0.0155,3714.0,2560m,,,,,0.8187,0.0956,0.0857,0.0956,0.0011,135.3,10000,6ee9600b17e9ba41,2026-09-04T04:11:02Z,docs/skill-validation/clean-room/run-11/suite.json,
clean-room,11,suite,suite.json,,4,,p3-asc,OK,775610.7,block-trades/s,3102442.8,output records/s,60.1,3.929,0.9822,96.8,0.599,,0.2394,0.026,6252.0,2560m,,,,,0.8159,0.0852,0.0989,0.0852,0.0015,111.0,10000,6ee9600b17e9ba41,2026-09-04T04:22:55Z,docs/skill-validation/clean-room/run-11/suite.json,
clean-room,11,tinyproof,tinyproof,,2,,tiny,OK,370410.3,block-trades-tiny/s,1481641.1,output records/s,30.08,1.985,0.9923,99.7,0.295,,0.1181,0.0354,2132.0,2560m,,,,,0.7175,0.1534,0.1292,0.1534,0.003,290.4,,6ee9600b17e9ba41,2026-09-04T03:50:40Z,docs/skill-validation/clean-room/run-11/tinyproof.json,
clean-room,11,tinyproof,tinyproof,,4,,tiny,OK,807481.6,block-trades-tiny/s,3229926.5,output records/s,30.06,3.983,0.9959,99.3,0.646,,0.2583,0.03,3612.0,2560m,,,,,0.7792,0.1051,0.1156,0.1051,0.0024,114.8,,6ee9600b17e9ba41,2026-09-04T03:53:20Z,docs/skill-validation/clean-room/run-11/tinyproof.json,
clean-room,12,suite,suite.json,,1,1,p1-asc,OK,74901.6,block-trades/s,299606.4,output records/s,60.12,0.999,0.9994,100.0,0.139,3.0,0.0465,0.0305,1836.0,2560m,,,,,0.772,0.2273,0.0007,0.2273,0.0011,1599.1,10000,d14782d8399359b0,2026-09-04T17:47:36Z,docs/skill-validation/clean-room/run-12/suite.json,
clean-room,12,suite,suite.json,,1,1,p2-desc,OK,73349.3,block-trades/s,293397.0,output records/s,69.67,0.994,0.9937,100.0,0.142,3.0,0.0474,0.033,2296.0,2560m,,,,,0.7651,0.2336,0.0013,0.2336,0.0051,1629.7,10000,d14782d8399359b0,2026-09-04T18:08:13Z,docs/skill-validation/clean-room/run-12/suite.json,
clean-room,12,suite,suite.json,,1,1,p3-asc,REFUSED,74265.2,block-trades/s,297060.7,output records/s,60.13,0.959,0.959,99.8,0.137,3.0,0.0457,0.0318,1914.0,2560m,,,,,0.7828,0.2158,0.0013,0.2158,0.0029,1619.3,10000,d14782d8399359b0,2026-09-04T18:12:14Z,docs/skill-validation/clean-room/run-12/suite.json,
clean-room,12,suite,suite.json,,1,1,sentinel,REFUSED,74779.0,block-trades/s,299116.2,output records/s,69.75,0.974,0.9744,99.9,0.142,3.0,0.0472,0.035,2440.0,2560m,,,,,0.7974,0.197,0.0056,0.197,0.0034,1596.6,10000,d14782d8399359b0,2026-09-04T18:24:06Z,docs/skill-validation/clean-room/run-12/suite.json,
clean-room,12,suite,suite.json,,2,2,p1-asc,OK,152543.2,block-trades/s,610173.0,output records/s,69.7,2.005,1.0027,100.0,0.314,3.0,0.1047,0.0124,1732.0,2560m,,,,,0.7668,0.1721,0.0611,0.1721,0.0028,697.3,10000,d14782d8399359b0,2026-09-04T17:51:38Z,docs/skill-validation/clean-room/run-12/suite.json,
clean-room,12,suite,suite.json,,2,2,p2-desc,OK,149811.7,block-trades/s,599246.9,output records/s,60.13,1.998,0.9991,100.0,0.304,3.0,0.1012,0.0098,1180.0,2560m,,,,,0.797,0.1479,0.0551,0.1479,0.0009,721.3,10000,d14782d8399359b0,2026-09-04T18:04:22Z,docs/skill-validation/clean-room/run-12/suite.json,
clean-room,12,suite,suite.json,,2,2,p3-asc,OK,145324.9,block-trades/s,581299.6,output records/s,60.16,1.995,0.9975,100.0,0.298,3.0,0.0993,0.0105,1262.0,2560m,,,,,0.8099,0.1465,0.0436,0.1465,0.0026,748.0,10000,d14782d8399359b0,2026-09-04T18:15:49Z,docs/skill-validation/clean-room/run-12/suite.json,
clean-room,12,suite,suite.json,,4,4,p1-asc,OK,311069.9,block-trades/s,1244279.7,output records/s,60.11,4.007,1.0019,99.8,0.781,3.0,0.2602,0.0113,2708.0,2560m,,,,,0.8845,0.0966,0.0189,0.0966,0.0025,266.3,10000,d14782d8399359b0,2026-09-04T17:55:40Z,docs/skill-validation/clean-room/run-12/suite.json,
clean-room,12,suite,suite.json,,4,4,p2-desc,OK,322823.1,block-trades/s,1291292.5,output records/s,69.65,4.008,1.0021,100.0,0.753,3.0,0.251,0.0118,3274.0,2560m,,,,,0.8577,0.121,0.0213,0.121,0.0048,221.6,10000,d14782d8399359b0,2026-09-04T17:59:43Z,docs/skill-validation/clean-room/run-12/suite.json,
clean-room,12,suite,suite.json,,4,4,p3-asc,OK,330331.2,block-trades/s,1321324.7,output records/s,69.8,4.013,1.0033,99.4,0.749,3.0,0.2496,0.018,5020.0,2560m,,,,,0.8825,0.0911,0.0264,0.0911,0.0028,234.9,10000,d14782d8399359b0,2026-09-04T18:19:59Z,docs/skill-validation/clean-room/run-12/suite.json,
clean-room,12,tinyproof,tinyproof,,1,1,tiny,OK,71180.8,block-trades-tiny/s,284723.2,output records/s,30.05,0.997,0.9973,100.0,0.144,3.0,0.0482,0.0402,1208.0,2560m,,,,,0.7487,0.2477,0.0036,0.2477,0.0031,901.0,,d14782d8399359b0,2026-09-04T17:36:14Z,docs/skill-validation/clean-room/run-12/tinyproof.json,
clean-room,12,tinyproof,tinyproof,,4,4,tiny,OK,249525.4,block-trades-tiny/s,998101.4,output records/s,30.28,3.99,0.9976,97.7,0.783,3.0,0.2609,0.0224,2714.0,2560m,,,,,0.8188,0.1643,0.0169,0.1643,0.0076,203.8,,d14782d8399359b0,2026-09-04T17:39:15Z,docs/skill-validation/clean-room/run-12/tinyproof.json,
clean-room,13,suite,suite.json,,1,1,p1-asc,OK,154078.7,block-trades/s,770393.7,output records/s,69.7,1.004,1.0041,100.0,0.093,2.5,0.037,0.0903,6296.0,2560m,,,,,0.5996,0.4003,0.0,0.4003,0.004,1341.7,10000,6381961fd22c52ef,2026-09-04T22:46:23Z,docs/skill-validation/clean-room/run-13/suite.json,
clean-room,13,suite,suite.json,,1,1,p2-desc,OK,141039.7,block-trades/s,705198.4,output records/s,60.14,1.001,1.0012,99.8,0.087,2.5,0.0349,0.1027,6176.0,2560m,,,,,0.6193,0.3797,0.001,0.3797,0.0032,1485.7,10000,6381961fd22c52ef,2026-09-04T23:06:43Z,docs/skill-validation/clean-room/run-13/suite.json,
clean-room,13,suite,suite.json,,1,1,p3-asc,OK,145724.2,block-trades/s,728620.9,output records/s,60.15,0.997,0.997,99.7,0.111,2.5,0.0445,0.0996,5994.0,2560m,,,,,0.6125,0.3872,0.0003,0.3872,0.0029,1392.0,10000,6381961fd22c52ef,2026-09-04T23:10:41Z,docs/skill-validation/clean-room/run-13/suite.json,
clean-room,13,suite,suite.json,,1,1,sentinel,OK,150336.0,block-trades/s,751680.1,output records/s,60.19,1.003,1.0026,99.8,0.093,2.5,0.0372,0.0903,5434.0,2560m,,,,,0.6153,0.3847,0.0,0.3847,0.0029,1386.2,10000,6381961fd22c52ef,2026-09-04T23:22:39Z,docs/skill-validation/clean-room/run-13/suite.json,
clean-room,13,suite,suite.json,,2,2,p1-asc,OK,322907.2,block-trades/s,1614536.2,output records/s,60.17,1.992,0.9962,100.0,0.203,2.5,0.0814,0.0674,8108.0,2560m,,,,,0.6839,0.3015,0.0146,0.3015,0.0031,567.3,10000,6381961fd22c52ef,2026-09-04T22:50:36Z,docs/skill-validation/clean-room/run-13/suite.json,
clean-room,13,suite,suite.json,,2,2,p2-desc,OK,329032.7,block-trades/s,1645163.6,output records/s,60.15,2.0,1.0001,100.0,0.187,2.5,0.0749,0.0663,7976.0,2560m,,,,,0.6552,0.3317,0.0131,0.3317,0.0016,531.8,10000,6381961fd22c52ef,2026-09-04T23:02:15Z,docs/skill-validation/clean-room/run-13/suite.json,
clean-room,13,suite,suite.json,,2,2,p3-asc,OK,310496.1,block-trades/s,1552480.4,output records/s,60.19,2.0,1.0,100.0,0.211,2.5,0.0842,0.0445,5358.0,2560m,,,,,0.693,0.2963,0.0107,0.2963,0.0002,591.7,10000,6381961fd22c52ef,2026-09-04T23:14:56Z,docs/skill-validation/clean-room/run-13/suite.json,
clean-room,13,suite,suite.json,,4,4,p1-asc,OK,593313.2,block-trades/s,2966565.9,output records/s,60.16,3.803,0.9507,100.0,0.323,2.5,0.129,0.0522,12560.0,2560m,,,,,0.7812,0.1655,0.0532,0.1655,0.0031,248.4,10000,6381961fd22c52ef,2026-09-04T22:54:30Z,docs/skill-validation/clean-room/run-13/suite.json,
clean-room,13,suite,suite.json,,4,4,p2-desc,OK,611800.3,block-trades/s,3059001.5,output records/s,60.1,3.831,0.9577,100.0,0.336,2.5,0.1345,0.0608,14618.0,2560m,,,,,0.7761,0.17,0.0539,0.17,0.0035,231.9,10000,6381961fd22c52ef,2026-09-04T22:58:19Z,docs/skill-validation/clean-room/run-13/suite.json,
clean-room,13,suite,suite.json,,4,4,p3-asc,OK,575478.7,block-trades/s,2877393.3,output records/s,60.13,3.995,0.9989,99.7,0.395,2.5,0.1579,0.0506,12178.0,2560m,,,,,0.7762,0.1677,0.0561,0.1677,0.0019,246.3,10000,6381961fd22c52ef,2026-09-04T23:18:35Z,docs/skill-validation/clean-room/run-13/suite.json,
clean-room,13,tinyproof,tinyproof,,1,1,tiny,OK,141648.2,block-trades-tiny/s,708241.2,output records/s,30.1,0.992,0.9921,100.0,0.112,2.5,0.045,0.0878,2644.0,2560m,,,,,0.6377,0.3608,0.0015,0.3608,0.0034,764.2,,6381961fd22c52ef,2026-09-04T22:38:53Z,docs/skill-validation/clean-room/run-13/tinyproof.json,
clean-room,13,tinyproof,tinyproof,,4,4,tiny,OK,608285.4,block-trades-tiny/s,3041427.2,output records/s,30.07,3.982,0.9955,100.0,0.323,2.5,0.1291,0.0661,7948.0,2560m,,,,,0.7546,0.1847,0.0607,0.1847,0.0009,125.3,,6381961fd22c52ef,2026-09-04T22:41:38Z,docs/skill-validation/clean-room/run-13/tinyproof.json,
clean-room,13,tinyproof-armA-kafka2g,tinyproof,,1,1,tiny,OK,138304.0,block-trades-tiny/s,691519.8,output records/s,30.1,0.99,0.9904,100.0,0.116,2.5,0.0463,0.1431,4308.0,2560m,,,,,0.6013,0.3979,0.0008,0.3979,0.0047,458.4,,6381961fd22c52ef,2026-09-04T22:06:37Z,docs/skill-validation/clean-room/run-13/tinyproof-armA-kafka2g.json,
clean-room,13,tinyproof-armA-kafka2g,tinyproof,,4,4,tiny,REFUSED,387110.8,block-trades-tiny/s,1935554.0,output records/s,31.34,3.479,0.8698,64.2,0.412,2.5,0.1648,0.0604,7572.0,2560m,,,,,0.7006,0.262,0.0374,0.262,0.009,30.2,,6381961fd22c52ef,2026-09-04T22:09:27Z,docs/skill-validation/clean-room/run-13/tinyproof-armA-kafka2g.json,
clean-room,13,tinyproof-armB-kafka4g,tinyproof,,1,1,tiny,OK,142937.0,block-trades-tiny/s,714685.2,output records/s,30.11,1.002,1.0021,100.0,0.116,2.5,0.0464,0.1263,3804.0,2560m,,,,,0.5861,0.4139,0.0,0.4139,0.0036,422.4,,6381961fd22c52ef,2026-09-04T22:19:16Z,docs/skill-validation/clean-room/run-13/tinyproof-armB-kafka4g.json,
clean-room,13,tinyproof-armB-kafka4g,tinyproof,,4,4,tiny,REFUSED,492790.2,block-trades-tiny/s,2463951.2,output records/s,30.08,3.988,0.9969,100.0,0.364,2.5,0.1456,0.0692,8320.0,2560m,,,,,0.7608,0.1821,0.0571,0.1821,0.2019,57.4,,6381961fd22c52ef,2026-09-04T22:22:14Z,docs/skill-validation/clean-room/run-13/tinyproof-armB-kafka4g.json,
clean-room,14,suite,suite.json,,1,1,p1-asc,OK,186467.6,block-trades/s,745870.5,output records/s,60.2,0.999,0.999,100.0,0.064,3.0,0.0213,0.0966,5816.0,2560m,,,,,0.6797,0.3197,0.0007,0.3197,0.0021,1268.1,10000,01cf956ac64d455e,2026-09-05T13:13:42Z,docs/skill-validation/clean-room/run-14/suite.json,quick look: not publishable
clean-room,14,suite,suite.json,,1,1,sentinel,OK,190876.1,block-trades/s,763504.5,output records/s,60.18,0.963,0.9633,99.8,0.062,3.0,0.0205,0.094,5658.0,2560m,,,,,0.6958,0.3042,0.0,0.3042,0.0016,1243.3,10000,01cf956ac64d455e,2026-09-05T13:25:55Z,docs/skill-validation/clean-room/run-14/suite.json,quick look: not publishable
clean-room,14,suite,suite.json,,2,2,p1-asc,OK,398686.4,block-trades/s,1594745.8,output records/s,60.13,1.967,0.9837,100.0,0.134,3.0,0.0446,0.0584,7020.0,2560m,,,,,0.621,0.3768,0.0022,0.3768,0.0018,516.1,10000,01cf956ac64d455e,2026-09-05T13:17:42Z,docs/skill-validation/clean-room/run-14/suite.json,quick look: not publishable
clean-room,14,suite,suite.json,,4,4,p1-asc,OK,539902.2,block-trades/s,2159608.9,output records/s,70.16,3.834,0.9585,87.0,0.248,3.0,0.0827,0.0936,26263.0,2560m,,,,,0.706,0.2676,0.0264,0.2676,0.0004,326.2,10000,01cf956ac64d455e,2026-09-05T13:21:41Z,docs/skill-validation/clean-room/run-14/suite.json,quick look: not publishable
clean-room,14,tinyproof,tinyproof,,1,1,tiny,OK,182847.0,block-trades-tiny/s,731388.0,output records/s,30.1,0.996,0.9959,100.0,0.061,3.0,0.0205,0.1286,3870.0,2560m,,,,,0.6669,0.3331,0.0,0.3331,0.0043,479.7,,01cf956ac64d455e,2026-09-05T13:02:30Z,docs/skill-validation/clean-room/run-14/tinyproof.json,
clean-room,14,tinyproof,tinyproof,,4,4,tiny,OK,583078.6,block-trades-tiny/s,2332314.5,output records/s,30.04,3.92,0.98,93.0,0.224,3.0,0.0747,0.1023,12296.0,2560m,,,,,0.7136,0.2522,0.0342,0.2522,0.006,98.6,,01cf956ac64d455e,2026-09-05T13:05:37Z,docs/skill-validation/clean-room/run-14/tinyproof.json,
clean-room,15,suite,suite.json,,1,1,p1-asc,OK,249782.5,block-trades/s,1248912.5,output records/s,69.72,1.002,1.0018,100.0,0.146,2.5,0.0582,0.0789,5504.0,2560m,0,239672,2194735104,,0.3427,0.651,0.0063,0.651,0.0046,1450.5,10000,4d8c12dd55ddb90a,2026-09-05T21:38:43Z,docs/skill-validation/clean-room/run-15/suite.json,quick look: not publishable
clean-room,15,suite,suite.json,,1,1,sentinel,OK,242087.0,block-trades/s,1210435.1,output records/s,60.18,0.987,0.9866,100.0,0.134,2.5,0.0537,0.0806,4852.0,2560m,0,178699,2249416704,,0.4183,0.5767,0.005,0.5767,0.0026,1510.3,10000,4d8c12dd55ddb90a,2026-09-05T21:50:28Z,docs/skill-validation/clean-room/run-15/suite.json,quick look: not publishable
clean-room,15,suite,suite.json,,2,2,p1-asc,OK,525655.0,block-trades/s,2628274.9,output records/s,60.12,2.009,1.0044,100.0,0.3,2.5,0.1199,0.0374,4502.0,2560m,0,489832,2300940288,,0.3767,0.6028,0.0206,0.6028,0.0028,612.4,10000,4d8c12dd55ddb90a,2026-09-05T21:42:35Z,docs/skill-validation/clean-room/run-15/suite.json,quick look: not publishable
clean-room,15,suite,suite.json,,4,4,p1-asc,OK,964912.6,block-trades/s,4824563.2,output records/s,69.69,3.907,0.9768,92.8,0.657,2.5,0.2628,0.0423,11786.0,2560m,0,712698,2357399552,,0.586,0.3545,0.0595,0.3545,0.005,250.4,10000,4d8c12dd55ddb90a,2026-09-05T21:46:25Z,docs/skill-validation/clean-room/run-15/suite.json,quick look: not publishable
clean-room,15,tinyproof,tinyproof,,1,1,tiny,OK,237711.2,block-trades-tiny/s,1188555.9,output records/s,30.11,0.997,0.9967,100.0,0.133,2.5,0.0534,0.0763,2296.0,2560m,0,116384,2117742592,,0.3712,0.6201,0.0087,0.6201,0.0013,582.5,,4d8c12dd55ddb90a,2026-09-05T21:10:10Z,docs/skill-validation/clean-room/run-15/tinyproof.json,
clean-room,15,tinyproof,tinyproof,,4,4,tiny,OK,976937.4,block-trades-tiny/s,4884686.9,output records/s,30.04,3.976,0.9941,98.7,0.663,2.5,0.265,0.0444,5332.0,2560m,0,475109,2063044608,,0.5705,0.3762,0.0533,0.3762,0.0003,83.5,,4d8c12dd55ddb90a,2026-09-05T21:13:16Z,docs/skill-validation/clean-room/run-15/tinyproof.json,
clean-room,16,suite,suite.json,,1,1,p1-asc,OK,153525.8,block-trades/s,767629.1,output records/s,60.14,0.996,0.9961,100.0,0.164,2.5,0.0654,0.0643,3868.0,2560m,0,4,2031439872,,0.6292,0.3698,0.001,0.3698,0.0035,1093.5,10000,65146bb06a53b232,2026-09-05T23:42:44Z,docs/skill-validation/clean-room/run-16/suite.json,quick look: not publishable
clean-room,16,suite,suite.json,,1,1,sentinel,OK,159993.0,block-trades/s,799964.8,output records/s,60.15,1.002,1.0017,100.0,0.13,2.5,0.0518,0.0852,5126.0,2560m,0,146727,2099249152,,0.6677,0.3323,0.0,0.3323,0.003,1044.6,10000,65146bb06a53b232,2026-09-05T23:54:13Z,docs/skill-validation/clean-room/run-16/suite.json,quick look: not publishable
clean-room,16,suite,suite.json,,2,2,p1-asc,OK,322914.9,block-trades/s,1614574.7,output records/s,60.11,1.925,0.9627,100.0,0.276,2.5,0.1106,0.0365,4386.0,2560m,0,4,2145435648,,0.7242,0.2684,0.0074,0.2684,0.003,448.5,10000,65146bb06a53b232,2026-09-05T23:46:20Z,docs/skill-validation/clean-room/run-16/suite.json,quick look: not publishable
clean-room,16,suite,suite.json,,4,4,p1-asc,OK,584031.4,block-trades/s,2920157.0,output records/s,60.12,3.917,0.9793,95.2,0.574,2.5,0.2296,0.0286,6886.0,2560m,0,3678,2112241664,,0.775,0.1971,0.0279,0.1971,0.001,165.1,10000,65146bb06a53b232,2026-09-05T23:49:50Z,docs/skill-validation/clean-room/run-16/suite.json,quick look: not publishable
clean-room,16,tinyproof,tinyproof,,1,1,tiny,OK,154165.8,block-trades-tiny/s,770829.2,output records/s,30.07,0.985,0.9849,100.0,0.134,2.5,0.0535,0.0732,2200.0,2560m,0,143360,2101878784,,0.6497,0.3489,0.0013,0.3489,0.001,438.1,,65146bb06a53b232,2026-09-05T23:32:11Z,docs/skill-validation/clean-room/run-16/tinyproof.json,
clean-room,16,tinyproof,tinyproof,,4,4,tiny,OK,529981.0,block-trades-tiny/s,2649904.8,output records/s,30.05,3.922,0.9804,92.7,0.563,2.5,0.2251,0.0426,5116.0,2560m,0,362631,1815830528,,0.782,0.1914,0.0266,0.1914,0.0041,79.8,,65146bb06a53b232,2026-09-05T23:35:04Z,docs/skill-validation/clean-room/run-16/tinyproof.json,
clean-room,17,suite,suite.json,,1,1,p1-asc,OK,157215.6,block-trades/s,786078.0,output records/s,60.19,1.0,0.9998,100.0,0.091,2.5,0.0364,0.0603,3630.0,2048m,0,72429,3185049600,,0.3363,0.6607,0.003,0.6607,0.0037,1079.6,10000,e8dfe2fd8b187ab4,2026-09-06T16:47:47Z,docs/skill-validation/clean-room/run-17/suite.json,quick look: not publishable
clean-room,17,suite,suite.json,,1,1,sentinel,OK,154919.0,block-trades/s,774594.8,output records/s,69.72,1.002,1.0019,100.0,0.091,2.5,0.0363,0.0493,3434.0,2048m,0,64232,3073155072,,0.311,0.6879,0.0011,0.6879,0.0039,1088.3,10000,e8dfe2fd8b187ab4,2026-09-06T16:59:57Z,docs/skill-validation/clean-room/run-17/suite.json,quick look: not publishable
clean-room,17,suite,suite.json,,2,2,p1-asc,OK,427580.5,block-trades/s,2137902.5,output records/s,60.1,1.995,0.9974,100.0,0.229,2.5,0.0917,0.0625,7512.0,2048m,0,34253,2665177088,,0.3939,0.5879,0.0182,0.5879,0.0026,305.2,10000,e8dfe2fd8b187ab4,2026-09-06T16:51:30Z,docs/skill-validation/clean-room/run-17/suite.json,quick look: not publishable
clean-room,17,suite,suite.json,,4,4,p1-asc,OK,832233.2,block-trades/s,4161166.0,output records/s,60.08,3.982,0.9954,97.3,0.473,2.5,0.1892,0.061,14662.0,2048m,0,377630,2328264704,,0.5547,0.3985,0.0467,0.3985,0.0023,85.6,10000,e8dfe2fd8b187ab4,2026-09-06T16:55:43Z,docs/skill-validation/clean-room/run-17/suite.json,quick look: not publishable
clean-room,17,tinyproof,tinyproof,,1,1,tiny,OK,151055.5,block-trades-tiny/s,755277.3,output records/s,30.08,0.996,0.9959,100.0,0.098,2.5,0.039,0.0661,1988.0,2048m,0,29498,3043667968,,0.3537,0.6441,0.0022,0.6441,0.0006,454.3,,e8dfe2fd8b187ab4,2026-09-06T16:39:53Z,docs/skill-validation/clean-room/run-17/tinyproof.json,
clean-room,17,tinyproof,tinyproof,,4,4,tiny,OK,705171.4,block-trades-tiny/s,3525857.2,output records/s,30.07,3.961,0.9904,100.0,0.41,2.5,0.164,0.0476,5724.0,2048m,0,625,2363068416,,0.5553,0.4133,0.0314,0.4133,0.0022,20.7,,e8dfe2fd8b187ab4,2026-09-06T16:42:42Z,docs/skill-validation/clean-room/run-17/tinyproof.json,
clean-room,18,suite,suite.json,,1,1,p1-asc,OK,259267.1,block-trades/s,1296335.5,output records/s,60.15,0.997,0.9966,100.0,0.126,2.5,0.0505,0.1189,7150.0,2048m,0,251,2450927616,,0.4603,0.5297,0.01,0.5297,0.0032,1010.4,10000,3671fa043154f6e5,2026-09-06T22:05:21Z,docs/skill-validation/clean-room/run-18/suite.json,quick look: not publishable
clean-room,18,suite,suite.json,,1,1,sentinel,OK,279391.4,block-trades/s,1396956.9,output records/s,60.17,0.951,0.9512,100.0,0.132,2.5,0.0528,0.139,8366.0,2048m,0,389117,2432598016,,0.4318,0.5605,0.0077,0.5605,0.0021,938.0,10000,3671fa043154f6e5,2026-09-06T22:17:25Z,docs/skill-validation/clean-room/run-18/suite.json,quick look: not publishable
clean-room,18,suite,suite.json,,2,2,p1-asc,OK,578061.5,block-trades/s,2890307.5,output records/s,60.11,1.996,0.9981,100.0,0.297,2.5,0.119,0.0872,10486.0,2048m,0,498,2456502272,,0.4975,0.4667,0.0358,0.4667,0.0031,375.3,10000,3671fa043154f6e5,2026-09-06T22:09:27Z,docs/skill-validation/clean-room/run-18/suite.json,quick look: not publishable
clean-room,18,suite,suite.json,,4,4,p1-asc,OK,889406.0,block-trades/s,4447030.0,output records/s,60.13,3.842,0.9604,99.7,0.518,2.5,0.2073,0.0798,19190.0,2048m,0,132369,2206859264,,0.6263,0.3192,0.0545,0.3192,0.0035,192.2,10000,3671fa043154f6e5,2026-09-06T22:13:21Z,docs/skill-validation/clean-room/run-18/suite.json,quick look: not publishable
clean-room,18,tinyproof,tinyproof,,1,1,tiny,OK,262987.0,block-trades-tiny/s,1314935.2,output records/s,30.08,0.997,0.9967,100.0,0.13,2.5,0.0519,0.1313,3948.0,2048m,0,205172,2518519808,,0.4617,0.5274,0.0109,0.5274,0.0027,440.0,,3671fa043154f6e5,2026-09-06T21:54:18Z,docs/skill-validation/clean-room/run-18/tinyproof.json,
clean-room,18,tinyproof,tinyproof,,4,4,tiny,OK,933453.3,block-trades-tiny/s,4667266.7,output records/s,30.07,4.009,1.0022,100.0,0.561,2.5,0.2245,0.113,13598.0,2048m,0,696289,2226712576,,0.6558,0.2856,0.0586,0.2856,0.0003,34.9,,3671fa043154f6e5,2026-09-06T21:57:20Z,docs/skill-validation/clean-room/run-18/tinyproof.json,
clean-room,18,tinyproof-attempt1,tinyproof,,1,1,tiny,OK,258926.8,block-trades-tiny/s,1294634.0,output records/s,30.1,1.005,1.0047,100.0,0.125,2.5,0.0501,0.1466,4412.0,2048m,0,207303,2638913536,,0.4528,0.5382,0.009,0.5382,0.0041,215.8,,3671fa043154f6e5,2026-09-06T21:38:08Z,docs/skill-validation/clean-room/run-18/tinyproof-attempt1.json,
clean-room,18,tinyproof-attempt1,tinyproof,,4,4,tiny,REFUSED,698965.3,block-trades-tiny/s,3494826.3,output records/s,43.09,2.829,0.7073,71.5,0.353,2.5,0.1413,0.0748,12888.0,2048m,0,704574,2332708864,,0.6424,0.28,0.0776,0.28,0.0153,0.0,,3671fa043154f6e5,2026-09-06T21:41:11Z,docs/skill-validation/clean-room/run-18/tinyproof-attempt1.json,
clean-room,19,suite,suite.json,,1,1,p1-asc,OK,172397.0,block-trades/s,861985.0,output records/s,60.16,1.003,1.003,100.0,0.157,2.5,0.0627,0.065,3910.0,2048m,0,0,2409320448,,0.6193,0.379,0.0017,0.379,0.0024,1253.1,10000,248e47691f1d1056,2026-09-07T03:36:00Z,docs/skill-validation/clean-room/run-19/suite.json,quick look: not publishable
clean-room,19,suite,suite.json,,1,1,p2-desc,OK,186079.5,block-trades/s,930397.7,output records/s,60.11,1.002,1.0018,100.0,0.157,2.5,0.0627,0.0631,3792.0,2048m,0,340330,2461392896,,0.5833,0.4162,0.0005,0.4162,0.003,1146.9,10000,248e47691f1d1056,2026-09-07T03:55:24Z,docs/skill-validation/clean-room/run-19/suite.json,quick look: not publishable
clean-room,19,suite,suite.json,,1,1,sentinel,OK,192899.3,block-trades/s,964496.3,output records/s,60.17,0.995,0.9947,100.0,0.164,2.5,0.0657,0.0707,4256.0,2048m,0,349660,2470191104,,0.591,0.4082,0.0008,0.4082,0.0026,1099.7,10000,248e47691f1d1056,2026-09-07T03:59:24Z,docs/skill-validation/clean-room/run-19/suite.json,quick look: not publishable
clean-room,19,suite,suite.json,,2,2,p1-asc,OK,405858.5,block-trades/s,2029292.4,output records/s,60.13,1.991,0.9957,98.5,0.376,2.5,0.1504,0.0334,4012.0,2048m,0,3486,2439700480,,0.6458,0.3359,0.0182,0.3359,0.0024,449.8,10000,248e47691f1d1056,2026-09-07T03:39:37Z,docs/skill-validation/clean-room/run-19/suite.json,quick look: not publishable
clean-room,19,suite,suite.json,,2,2,p2-desc,OK,399564.1,block-trades/s,1997820.5,output records/s,60.14,1.932,0.9658,99.0,0.361,2.5,0.1446,0.0285,3426.0,2048m,0,263396,2525777920,,0.6282,0.3557,0.0162,0.3557,0.0027,460.0,10000,248e47691f1d1056,2026-09-07T03:51:32Z,docs/skill-validation/clean-room/run-19/suite.json,quick look: not publishable
clean-room,19,suite,suite.json,,4,4,p1-asc,REFUSED,686453.4,block-trades/s,3432267.0,output records/s,60.12,3.763,0.9407,86.1,0.687,2.5,0.2748,0.027,6504.0,2048m,0,4,2241388544,,0.6584,0.3095,0.0321,0.3095,0.0002,192.6,10000,248e47691f1d1056,2026-09-07T03:43:32Z,docs/skill-validation/clean-room/run-19/suite.json,quick look: not publishable
clean-room,19,suite,suite.json,,4,4,p2-desc,OK,718137.9,block-trades/s,3590689.5,output records/s,60.08,3.856,0.9641,89.5,0.745,2.5,0.2979,0.0329,7906.0,2048m,0,654263,2490593280,,0.6715,0.2932,0.0353,0.2932,0.0015,192.0,10000,248e47691f1d1056,2026-09-07T03:47:32Z,docs/skill-validation/clean-room/run-19/suite.json,quick look: not publishable
clean-room,19,tinyproof,tinyproof,,1,1,tiny,OK,182260.1,block-trades-tiny/s,911300.5,output records/s,30.1,0.996,0.9956,100.0,0.148,2.5,0.0591,0.0787,2370.0,2048m,0,184031,2444042240,,0.6299,0.3691,0.001,0.3691,0.0029,514.4,,248e47691f1d1056,2026-09-07T03:24:03Z,docs/skill-validation/clean-room/run-19/tinyproof.json,
clean-room,19,tinyproof,tinyproof,,4,4,tiny,OK,718283.7,block-trades-tiny/s,3591418.7,output records/s,30.06,3.938,0.9845,92.4,0.701,2.5,0.2804,0.0338,4064.0,2048m,0,2,2257092608,,0.6869,0.2824,0.0307,0.2824,0.002,75.4,,248e47691f1d1056,2026-09-07T03:27:16Z,docs/skill-validation/clean-room/run-19/tinyproof.json,
clean-room,20,suite,suite.json,,1,1,p1-asc,OK,178674.3,block-trades/s,714697.2,output records/s,60.18,0.973,0.9733,100.0,0.11,2.5,0.0438,0.0806,4848.0,4096m,0,135780,3334909952,,0.4317,0.5637,0.0047,0.5637,0.0032,1535.1,10000,a5414abe5dd08261,2026-09-07T16:57:27Z,docs/skill-validation/clean-room/run-20/suite.json,quick look: not publishable
clean-room,20,suite,suite.json,,1,1,p2-desc,OK,186806.1,block-trades/s,747224.6,output records/s,60.17,0.986,0.986,100.0,0.111,2.5,0.0444,0.1057,6360.0,4096m,0,115508,3169869824,,0.4415,0.5565,0.002,0.5565,0.0026,1467.3,10000,a5414abe5dd08261,2026-09-07T17:16:09Z,docs/skill-validation/clean-room/run-20/suite.json,quick look: not publishable
clean-room,20,suite,suite.json,,1,1,sentinel,OK,185957.6,block-trades/s,743830.4,output records/s,60.13,0.957,0.9566,100.0,0.107,2.5,0.0427,0.0706,4246.0,4096m,0,95627,3244773376,,0.4837,0.512,0.0043,0.512,0.0023,1473.8,10000,a5414abe5dd08261,2026-09-07T17:19:39Z,docs/skill-validation/clean-room/run-20/suite.json,quick look: not publishable
clean-room,20,suite,suite.json,,2,2,p1-asc,OK,405685.2,block-trades/s,1622741.0,output records/s,69.65,2.001,1.0004,100.0,0.254,2.5,0.1014,0.0376,5244.0,4096m,0,298324,2761056256,,0.5849,0.3756,0.0395,0.3756,0.0042,585.8,10000,a5414abe5dd08261,2026-09-07T17:00:56Z,docs/skill-validation/clean-room/run-20/suite.json,quick look: not publishable
clean-room,20,suite,suite.json,,2,2,p2-desc,OK,413383.3,block-trades/s,1653533.2,output records/s,69.69,1.998,0.999,100.0,0.245,2.5,0.098,0.0363,5060.0,4096m,0,343488,2782453760,,0.5401,0.4186,0.0413,0.4186,0.0035,573.5,10000,a5414abe5dd08261,2026-09-07T17:12:25Z,docs/skill-validation/clean-room/run-20/suite.json,quick look: not publishable
clean-room,20,suite,suite.json,,4,4,p1-asc,OK,794486.6,block-trades/s,3177946.2,output records/s,60.15,3.988,0.9969,100.0,0.528,2.5,0.2111,0.0188,4516.0,4096m,0,167833,1818533888,,0.6573,0.287,0.0556,0.287,0.0026,225.8,10000,a5414abe5dd08261,2026-09-07T17:04:59Z,docs/skill-validation/clean-room/run-20/suite.json,quick look: not publishable
clean-room,20,suite,suite.json,,4,4,p2-desc,OK,786031.8,block-trades/s,3144127.0,output records/s,60.1,3.998,0.9994,100.0,0.51,2.5,0.2039,0.0133,3192.0,4096m,0,619984,1711984640,,0.6612,0.2797,0.0592,0.2797,0.002,230.8,10000,a5414abe5dd08261,2026-09-07T17:08:49Z,docs/skill-validation/clean-room/run-20/suite.json,quick look: not publishable
clean-room,20,tinyproof,tinyproof,,1,1,tiny,OK,185537.5,block-trades-tiny/s,742149.9,output records/s,30.08,0.995,0.9952,100.0,0.108,2.5,0.0431,0.0803,2414.0,4096m,0,61397,3464400896,,0.4329,0.5617,0.0054,0.5617,0.0023,443.0,,a5414abe5dd08261,2026-09-07T16:44:45Z,docs/skill-validation/clean-room/run-20/tinyproof.json,
clean-room,20,tinyproof,tinyproof,,4,4,tiny,OK,796084.3,block-trades-tiny/s,3184337.3,output records/s,30.06,3.99,0.9976,100.0,0.524,2.5,0.2095,0.0186,2232.0,4096m,0,307168,1897287680,,0.6394,0.2947,0.0659,0.2947,0.0008,52.0,,a5414abe5dd08261,2026-09-07T16:47:35Z,docs/skill-validation/clean-room/run-20/tinyproof.json,
clean-room,21,suite,suite.json,,1,1,p1-asc,OK,200024.2,block-trades/s,1000120.9,output records/s,60.22,0.995,0.9945,99.8,0.086,2.5,0.0344,0.2713,16334.0,4096m,0,78112,3081437184,,0.3307,0.6693,0.0,0.6693,0.0045,1353.1,10000,92f657ccbb06b5fe,2026-09-07T22:01:57Z,docs/skill-validation/clean-room/run-21/suite.json,quick look: not publishable
clean-room,21,suite,suite.json,,1,1,p2-desc,OK,197789.6,block-trades/s,988948.0,output records/s,69.75,0.996,0.9957,100.0,0.082,2.5,0.033,0.2561,17864.0,4096m,0,44259,2993131520,,0.3079,0.6921,0.0,0.6921,0.0031,1362.5,10000,92f657ccbb06b5fe,2026-09-07T22:21:19Z,docs/skill-validation/clean-room/run-21/suite.json,quick look: not publishable
clean-room,21,suite,suite.json,,1,1,sentinel,REFUSED,198977.1,block-trades/s,994885.3,output records/s,60.14,0.946,0.9455,100.0,0.079,2.5,0.0318,0.2536,15250.0,4096m,0,28398,2935083008,,0.3168,0.6832,0.0,0.6832,0.0015,1366.2,10000,92f657ccbb06b5fe,2026-09-07T22:25:29Z,docs/skill-validation/clean-room/run-21/suite.json,quick look: not publishable
clean-room,21,suite,suite.json,,2,2,p1-asc,OK,395314.0,block-trades/s,1976570.2,output records/s,69.61,2.012,1.0059,100.0,0.151,2.5,0.0604,0.1463,20370.0,4096m,0,178176,2701299712,,0.3176,0.6824,0.0,0.6824,0.0057,603.2,10000,92f657ccbb06b5fe,2026-09-07T22:05:25Z,docs/skill-validation/clean-room/run-21/suite.json,quick look: not publishable
clean-room,21,suite,suite.json,,2,2,p2-desc,OK,383873.5,block-trades/s,1919367.7,output records/s,60.15,1.992,0.9958,100.0,0.154,2.5,0.0617,0.1271,15288.0,4096m,0,113784,2595569664,,0.3584,0.6416,0.0,0.6416,0.0039,628.7,10000,92f657ccbb06b5fe,2026-09-07T22:17:09Z,docs/skill-validation/clean-room/run-21/suite.json,quick look: not publishable
clean-room,21,suite,suite.json,,4,4,p1-asc,OK,717897.3,block-trades/s,3589486.6,output records/s,60.13,4.006,1.0015,100.0,0.304,2.5,0.1216,0.0847,20384.0,4096m,0,295035,1907298304,,0.5696,0.4304,0.0,0.4304,0.0015,262.7,10000,92f657ccbb06b5fe,2026-09-07T22:09:30Z,docs/skill-validation/clean-room/run-21/suite.json,quick look: not publishable
clean-room,21,suite,suite.json,,4,4,p2-desc,OK,735375.4,block-trades/s,3676877.1,output records/s,60.15,3.839,0.9598,100.0,0.281,2.5,0.1123,0.0857,20620.0,4096m,0,269435,1841594368,,0.5482,0.4518,0.0,0.4518,0.0031,262.7,10000,92f657ccbb06b5fe,2026-09-07T22:13:29Z,docs/skill-validation/clean-room/run-21/suite.json,quick look: not publishable
clean-room,21,tinyproof,tinyproof,,1,1,tiny,OK,195811.2,block-trades-tiny/s,979056.0,output records/s,30.09,1.0,0.9996,100.0,0.095,2.5,0.0379,0.2863,8616.0,4096m,0,38272,3070889984,,0.296,0.6986,0.0054,0.6986,0.0032,543.1,,92f657ccbb06b5fe,2026-09-07T21:53:41Z,docs/skill-validation/clean-room/run-21/tinyproof.json,
clean-room,21,tinyproof,tinyproof,,4,4,tiny,OK,720683.0,block-trades-tiny/s,3603415.2,output records/s,39.59,3.999,0.9997,100.0,0.303,2.5,0.121,0.0976,15456.0,4096m,0,194405,1787686912,,0.542,0.4553,0.0027,0.4553,0.0087,83.7,,92f657ccbb06b5fe,2026-09-07T21:56:26Z,docs/skill-validation/clean-room/run-21/tinyproof.json,
clean-room,23,suite,suite.json,,1,1,p1-asc,OK,176355.0,block-trades/s,881775.0,output records/s,60.15,0.996,0.9964,100.0,0.104,2.5,0.0416,0.0898,5404.0,4096m,0,200448,3220037632,6442450944,0.5942,0.4052,0.0007,0.4052,0.0023,1214.6,10000,1b997db5c993ca54,2026-09-08T01:27:00Z,docs/skill-validation/clean-room/run-23/suite.json,quick look: not publishable
clean-room,23,suite,suite.json,,1,1,p2-desc,OK,175176.5,block-trades/s,875882.3,output records/s,60.13,0.996,0.9961,99.8,0.12,2.5,0.0479,0.132,7940.0,4096m,0,179825,3229044736,6442450944,0.5883,0.4113,0.0003,0.4113,0.0032,1226.5,10000,1b997db5c993ca54,2026-09-08T01:47:08Z,docs/skill-validation/clean-room/run-23/suite.json,quick look: not publishable
clean-room,23,suite,suite.json,,1,1,sentinel,OK,183629.8,block-trades/s,918148.9,output records/s,60.15,0.995,0.9951,100.0,0.113,2.5,0.0452,0.1132,6810.0,4096m,0,184938,3217367040,6442450944,0.564,0.4338,0.0022,0.4338,0.0024,1167.4,10000,1b997db5c993ca54,2026-09-08T01:51:19Z,docs/skill-validation/clean-room/run-23/suite.json,quick look: not publishable
clean-room,23,suite,suite.json,,2,2,p1-asc,OK,373500.4,block-trades/s,1867502.0,output records/s,60.11,1.997,0.9986,100.0,0.244,2.5,0.0976,0.0384,4618.0,4096m,0,424921,2826371072,6442450944,0.6683,0.3079,0.0238,0.3079,0.0015,493.5,10000,1b997db5c993ca54,2026-09-08T01:30:40Z,docs/skill-validation/clean-room/run-23/suite.json,quick look: not publishable
clean-room,23,suite,suite.json,,2,2,p2-desc,OK,371797.2,block-trades/s,1858986.1,output records/s,69.69,2.007,1.0034,100.0,0.243,2.5,0.0971,0.0427,5952.0,4096m,0,460226,2832461824,6442450944,0.6793,0.2985,0.0222,0.2985,0.0045,484.6,10000,1b997db5c993ca54,2026-09-08T01:42:51Z,docs/skill-validation/clean-room/run-23/suite.json,quick look: not publishable
clean-room,23,suite,suite.json,,4,4,p1-asc,OK,665758.7,block-trades/s,3328793.7,output records/s,60.15,4.011,1.0027,100.0,0.503,2.5,0.2011,0.0167,4024.0,4096m,0,89157,1778311168,6442450944,0.7306,0.2371,0.0323,0.2371,0.0025,207.8,10000,1b997db5c993ca54,2026-09-08T01:34:35Z,docs/skill-validation/clean-room/run-23/suite.json,quick look: not publishable
clean-room,23,suite,suite.json,,4,4,p2-desc,OK,670749.1,block-trades/s,3353745.4,output records/s,60.12,4.015,1.0037,100.0,0.481,2.5,0.1922,0.0153,3676.0,4096m,0,571531,1649242112,6442450944,0.7638,0.2053,0.0309,0.2053,0.002,208.2,10000,1b997db5c993ca54,2026-09-08T01:38:46Z,docs/skill-validation/clean-room/run-23/suite.json,quick look: not publishable
clean-room,23,tinyproof,tinyproof,,1,1,tiny,OK,182255.9,block-trades-tiny/s,911279.4,output records/s,30.09,1.002,1.002,100.0,0.112,2.5,0.0447,0.1163,3500.0,4096m,0,103764,3428249600,6442450944,0.6175,0.3819,0.0006,0.3819,0.003,563.6,,1b997db5c993ca54,2026-09-08T01:18:34Z,docs/skill-validation/clean-room/run-23/tinyproof.json,
clean-room,23,tinyproof,tinyproof,,4,4,tiny,OK,701341.3,block-trades-tiny/s,3506706.4,output records/s,30.05,4.0,1.0001,100.0,0.483,2.5,0.1933,0.0167,2008.0,4096m,0,395218,1731485696,6442450944,0.7178,0.2476,0.0346,0.2476,0.0008,94.9,,1b997db5c993ca54,2026-09-08T01:21:20Z,docs/skill-validation/clean-room/run-23/tinyproof.json,
clean-room,24,suite,suite.json,,1,1,p1-asc,OK,129336.2,block-trades/s,646680.8,output records/s,60.17,1.003,1.0026,99.8,0.113,2.5,0.0452,0.0622,3742.0,4096m,0,144034,2300289024,6442450944,0.5075,0.4925,0.0,0.4925,0.0017,2174.9,10000,ecd91ca64b6e7938,2026-09-08T20:55:41Z,docs/skill-validation/clean-room/run-24/suite.json,quick look: not publishable
clean-room,24,suite,suite.json,,1,1,p2-desc,OK,129132.4,block-trades/s,645662.1,output records/s,60.13,0.997,0.9974,100.0,0.112,2.5,0.0446,0.0572,3442.0,4096m,0,135358,2292293632,6442450944,0.5897,0.4103,0.0,0.4103,0.0028,2180.5,10000,ecd91ca64b6e7938,2026-09-08T21:15:33Z,docs/skill-validation/clean-room/run-24/suite.json,quick look: not publishable
clean-room,24,suite,suite.json,,1,1,sentinel,OK,132070.9,block-trades/s,660354.6,output records/s,60.16,1.002,1.002,100.0,0.109,2.5,0.0436,0.0539,3244.0,4096m,0,114594,2333380608,6442450944,0.4808,0.5192,0.0,0.5192,0.0045,2127.4,10000,ecd91ca64b6e7938,2026-09-08T21:19:35Z,docs/skill-validation/clean-room/run-24/suite.json,quick look: not publishable
clean-room,24,suite,suite.json,,2,2,p1-asc,OK,263213.5,block-trades/s,1316067.4,output records/s,60.14,1.985,0.9924,100.0,0.234,2.5,0.0934,0.0132,1586.0,4096m,0,85457,1855848448,6442450944,0.6325,0.3596,0.0079,0.3596,0.0022,998.9,10000,ecd91ca64b6e7938,2026-09-08T20:59:40Z,docs/skill-validation/clean-room/run-24/suite.json,quick look: not publishable
clean-room,24,suite,suite.json,,2,2,p2-desc,OK,267933.4,block-trades/s,1339666.9,output records/s,69.63,1.907,0.9533,100.0,0.228,2.5,0.091,0.0126,1760.0,4096m,0,75328,2047967232,6442450944,0.6434,0.3478,0.0088,0.3478,0.0057,971.8,10000,ecd91ca64b6e7938,2026-09-08T21:11:37Z,docs/skill-validation/clean-room/run-24/suite.json,quick look: not publishable
clean-room,24,suite,suite.json,,4,4,p1-asc,OK,513209.2,block-trades/s,2566045.9,output records/s,69.64,3.843,0.9608,100.0,0.491,2.5,0.1962,0.0069,1932.0,4096m,0,117260,1514434560,6442450944,0.7499,0.2312,0.0189,0.2312,0.0056,433.3,10000,ecd91ca64b6e7938,2026-09-08T21:03:31Z,docs/skill-validation/clean-room/run-24/suite.json,quick look: not publishable
clean-room,24,suite,suite.json,,4,4,p2-desc,OK,499363.0,block-trades/s,2496814.8,output records/s,60.16,4.014,1.0036,100.0,0.488,2.5,0.195,0.006,1436.0,4096m,0,82859,485642240,6442450944,0.731,0.2503,0.0187,0.2503,0.0026,449.2,10000,ecd91ca64b6e7938,2026-09-08T21:07:31Z,docs/skill-validation/clean-room/run-24/suite.json,quick look: not publishable
clean-room,24,tinyproof,tinyproof,,1,1,tiny,OK,137629.7,block-trades-tiny/s,688148.7,output records/s,30.07,0.999,0.9989,100.0,0.118,2.5,0.0471,0.0932,2804.0,4096m,0,30277,2440785920,6442450944,0.5707,0.4287,0.0007,0.4287,0.0044,791.5,,ecd91ca64b6e7938,2026-09-08T20:45:09Z,docs/skill-validation/clean-room/run-24/tinyproof.json,
clean-room,24,tinyproof,tinyproof,,4,4,tiny,OK,505826.4,block-trades-tiny/s,2529132.1,output records/s,30.58,3.903,0.9758,98.0,0.501,2.5,0.2006,0.0106,1296.0,4096m,0,172940,829325312,6442450944,0.7202,0.2617,0.0181,0.2617,0.0147,149.2,,ecd91ca64b6e7938,2026-09-08T20:47:59Z,docs/skill-validation/clean-room/run-24/tinyproof.json,
clean-room,25,suite,suite.json,,1,1,p1-asc,OK,234427.0,block-trades/s,1172135.0,output records/s,60.17,0.973,0.9729,100.0,0.125,2.5,0.0502,0.1581,9512.0,4096m,0,117042,3002195968,6442450944,0.5148,0.4852,0.0,0.4852,0.003,1051.5,10000,ffc01f5c36588ad1,2026-09-09T01:11:15Z,docs/skill-validation/clean-room/run-25/suite.json,quick look: not publishable
clean-room,25,suite,suite.json,,1,1,p2-desc,OK,224970.5,block-trades/s,1124852.7,output records/s,60.19,0.994,0.9941,99.8,0.136,2.5,0.0545,0.1588,9558.0,4096m,0,271290,3323932672,6442450944,0.5285,0.4715,0.0,0.4715,0.0029,1098.4,10000,ffc01f5c36588ad1,2026-09-09T01:30:35Z,docs/skill-validation/clean-room/run-25/suite.json,quick look: not publishable
clean-room,25,suite,suite.json,,1,1,sentinel,OK,202760.5,block-trades/s,1013802.6,output records/s,69.7,0.999,0.9994,100.0,0.134,2.5,0.0537,0.1473,10270.0,4096m,0,260312,3403149312,6442450944,0.5666,0.4333,0.0001,0.4333,0.002,1226.4,10000,ffc01f5c36588ad1,2026-09-09T01:34:27Z,docs/skill-validation/clean-room/run-25/suite.json,quick look: not publishable
clean-room,25,suite,suite.json,,2,2,p1-asc,OK,529504.2,block-trades/s,2647521.2,output records/s,69.64,1.992,0.9959,99.0,0.324,2.5,0.1296,0.061,8498.0,4096m,0,96746,2655645696,6442450944,0.5878,0.3995,0.0127,0.3995,0.0044,374.4,10000,ffc01f5c36588ad1,2026-09-09T01:15:01Z,docs/skill-validation/clean-room/run-25/suite.json,quick look: not publishable
clean-room,25,suite,suite.json,,2,2,p2-desc,OK,506143.7,block-trades/s,2530718.6,output records/s,60.15,1.945,0.9725,98.0,0.316,2.5,0.1265,0.0602,7244.0,4096m,0,526355,3062906880,6442450944,0.6327,0.3673,0.0,0.3673,0.0019,409.4,10000,ffc01f5c36588ad1,2026-09-09T01:26:49Z,docs/skill-validation/clean-room/run-25/suite.json,quick look: not publishable
clean-room,25,suite,suite.json,,4,4,p1-asc,OK,912459.4,block-trades/s,4562297.1,output records/s,60.12,3.867,0.9668,87.4,0.609,2.5,0.2436,0.0275,6602.0,4096m,0,11706,2246496256,6442450944,0.6587,0.3242,0.0172,0.3242,0.0017,150.0,10000,ffc01f5c36588ad1,2026-09-09T01:19:03Z,docs/skill-validation/clean-room/run-25/suite.json,quick look: not publishable
clean-room,25,suite,suite.json,,4,4,p2-desc,OK,914166.3,block-trades/s,4570831.5,output records/s,60.13,3.815,0.9537,87.5,0.607,2.5,0.2427,0.028,6740.0,4096m,0,624486,1990770688,6442450944,0.6773,0.3026,0.0201,0.3026,0.0015,156.1,10000,ffc01f5c36588ad1,2026-09-09T01:22:50Z,docs/skill-validation/clean-room/run-25/suite.json,quick look: not publishable
clean-room,25,tinyproof,tinyproof,,1,1,tiny,OK,235575.3,block-trades-tiny/s,1177876.5,output records/s,30.55,0.976,0.9765,98.7,0.128,2.5,0.051,0.1674,5114.0,4096m,0,170631,2810843136,6442450944,0.5706,0.4259,0.0035,0.4259,0.0204,419.3,,ffc01f5c36588ad1,2026-09-09T01:01:43Z,docs/skill-validation/clean-room/run-25/tinyproof.json,
clean-room,25,tinyproof,tinyproof,,4,4,tiny,OK,920059.7,block-trades-tiny/s,4600298.5,output records/s,30.07,3.953,0.9882,94.4,0.586,2.5,0.2345,0.0309,3712.0,4096m,0,361613,1690165248,6442450944,0.6938,0.2969,0.0093,0.2969,0.0015,44.2,,ffc01f5c36588ad1,2026-09-09T01:04:32Z,docs/skill-validation/clean-room/run-25/tinyproof.json,
clean-room,26,suite,suite.json,,1,1,p1-asc,OK,142429.1,block-trades/s,712145.5,output records/s,60.17,1.002,1.002,100.0,0.105,2.5,0.042,0.0817,4918.0,4096m,3874,141440,2921930752,4294967296,0.4287,0.5713,0.0,0.5713,0.0033,1258.5,10000,ee216783b7e9c827,2026-09-09T14:08:33Z,docs/skill-validation/clean-room/run-26/suite.json,quick look: not publishable
clean-room,26,suite,suite.json,,1,1,p2-desc,CEILING,142838.3,block-trades/s,714191.7,output records/s,60.14,0.956,0.9561,100.0,0.093,2.5,0.037,0.0829,4986.0,4096m,3146,87591,2959622144,4294967296,0.4252,0.5748,0.0,0.5748,0.0017,1259.9,10000,ee216783b7e9c827,2026-09-09T14:28:06Z,docs/skill-validation/clean-room/run-26/suite.json,quick look: not publishable
clean-room,26,suite,suite.json,,1,1,sentinel,OK,136082.5,block-trades/s,680412.6,output records/s,60.19,1.0,1.0,100.0,0.103,2.5,0.041,0.0674,4056.0,4096m,3156,77838,2960805888,4294967296,0.4333,0.5667,0.0,0.5667,0.0028,1324.0,10000,ee216783b7e9c827,2026-09-09T14:31:55Z,docs/skill-validation/clean-room/run-26/suite.json,quick look: not publishable
clean-room,26,suite,suite.json,,2,2,p1-asc,OK,314767.8,block-trades/s,1573839.0,output records/s,60.13,1.996,0.9978,100.0,0.198,2.5,0.0792,0.0499,6006.0,4096m,0,310641,2335518720,4294967296,0.5422,0.4578,0.0,0.4578,0.0021,491.5,10000,ee216783b7e9c827,2026-09-09T14:12:08Z,docs/skill-validation/clean-room/run-26/suite.json,quick look: not publishable
clean-room,26,suite,suite.json,,2,2,p2-desc,OK,317316.7,block-trades/s,1586583.7,output records/s,60.14,1.903,0.9514,100.0,0.187,2.5,0.0746,0.044,5298.0,4096m,0,265065,2270449664,4294967296,0.5323,0.4677,0.0,0.4677,0.0017,488.4,10000,ee216783b7e9c827,2026-09-09T14:24:03Z,docs/skill-validation/clean-room/run-26/suite.json,quick look: not publishable
clean-room,26,suite,suite.json,,4,4,p1-asc,OK,501184.2,block-trades/s,2505921.0,output records/s,69.62,4.012,1.0031,100.0,0.345,2.5,0.1381,0.0196,5466.0,4096m,0,359541,1464967168,4294967296,0.6853,0.3147,0.0,0.3147,0.0051,238.2,10000,ee216783b7e9c827,2026-09-09T14:15:52Z,docs/skill-validation/clean-room/run-26/suite.json,quick look: not publishable
clean-room,26,suite,suite.json,,4,4,p2-desc,OK,580361.5,block-trades/s,2901807.5,output records/s,60.13,4.005,1.0013,100.0,0.384,2.5,0.1535,0.0252,6058.0,4096m,0,272458,1491787776,4294967296,0.6831,0.3169,0.0,0.3169,0.0021,174.3,10000,ee216783b7e9c827,2026-09-09T14:19:38Z,docs/skill-validation/clean-room/run-26/suite.json,quick look: not publishable
clean-room,26,tinyproof,tinyproof,,1,1,tiny,OK,140208.5,block-trades-tiny/s,701042.6,output records/s,39.59,1.002,1.002,100.0,0.107,2.5,0.0428,0.1,3960.0,4096m,2270,89344,2952560640,4294967296,0.4085,0.589,0.0025,0.589,0.0117,845.8,,ee216783b7e9c827,2026-09-09T14:00:03Z,docs/skill-validation/clean-room/run-26/tinyproof.json,
clean-room,26,tinyproof,tinyproof,,4,4,tiny,OK,518502.7,block-trades-tiny/s,2592513.7,output records/s,30.07,3.979,0.9947,100.0,0.338,2.5,0.1351,0.0254,3052.0,4096m,0,255141,1549164544,4294967296,0.6533,0.3406,0.0061,0.3406,0.0021,177.2,,ee216783b7e9c827,2026-09-09T14:02:50Z,docs/skill-validation/clean-room/run-26/tinyproof.json,
clean-room,27,suite,suite.json,,1,1,p1-asc,OK,104627.7,block-trades/s,627766.1,output records/s,69.71,1.0,0.9999,100.0,0.06,2.5,0.0241,0.0555,3870.0,4096m,1784,45088,1916792832,3221225472,0.5229,0.4773,0.0003,0.4773,0.0021,1382.3,10000,8c010e5c57edcca4,2026-09-09T21:27:28Z,docs/skill-validation/clean-room/run-27/suite.json,quick look: not publishable
clean-room,27,suite,suite.json,,1,1,p2-desc,CEILING,107711.8,block-trades/s,646270.6,output records/s,69.73,0.979,0.9794,100.0,0.055,2.5,0.0218,0.0535,3732.0,4096m,323,17195,1924190208,3221225472,0.522,0.478,0.0,0.478,0.0015,1342.0,10000,8c010e5c57edcca4,2026-09-09T21:48:38Z,docs/skill-validation/clean-room/run-27/suite.json,quick look: not publishable
clean-room,27,suite,suite.json,,1,1,sentinel,OK,113145.1,block-trades/s,678870.8,output records/s,60.15,0.997,0.9966,100.0,0.056,2.5,0.0222,0.061,3670.0,4096m,0,0,1796235264,3221225472,0.577,0.423,0.0,0.423,0.0035,1278.0,10000,8c010e5c57edcca4,2026-09-09T21:52:34Z,docs/skill-validation/clean-room/run-27/suite.json,quick look: not publishable
clean-room,27,suite,suite.json,,2,2,p1-asc,OK,255216.4,block-trades/s,1531298.6,output records/s,60.12,1.993,0.9967,100.0,0.153,2.5,0.0614,0.0475,5716.0,4096m,4030,94624,1916936192,3221225472,0.6566,0.3297,0.0137,0.3297,0.0021,479.2,10000,8c010e5c57edcca4,2026-09-09T21:31:20Z,docs/skill-validation/clean-room/run-27/suite.json,quick look: not publishable
clean-room,27,suite,suite.json,,2,2,p2-desc,OK,273148.9,block-trades/s,1638893.7,output records/s,60.17,1.991,0.9954,100.0,0.145,2.5,0.0581,0.0708,8522.0,4096m,4086,97704,1917317120,3221225472,0.6733,0.3149,0.0118,0.3149,0.0031,417.8,10000,8c010e5c57edcca4,2026-09-09T21:44:01Z,docs/skill-validation/clean-room/run-27/suite.json,quick look: not publishable
clean-room,27,suite,suite.json,,4,4,p1-asc,OK,469145.6,block-trades/s,2814873.8,output records/s,69.65,4.015,1.0038,100.0,0.233,2.5,0.0931,0.0283,7880.0,4096m,0,201696,1602990080,3221225472,0.749,0.225,0.0261,0.225,0.0047,185.1,10000,8c010e5c57edcca4,2026-09-09T21:35:12Z,docs/skill-validation/clean-room/run-27/suite.json,quick look: not publishable
clean-room,27,suite,suite.json,,4,4,p2-desc,OK,510045.8,block-trades/s,3060274.9,output records/s,60.14,3.998,0.9995,99.8,0.25,2.5,0.0999,0.03,7222.0,4096m,0,189093,1606152192,3221225472,0.7381,0.2282,0.0338,0.2282,0.0037,165.8,10000,8c010e5c57edcca4,2026-09-09T21:39:41Z,docs/skill-validation/clean-room/run-27/suite.json,quick look: not publishable
clean-room,27,tinyproof,tinyproof,,1,1,tiny,OK,104843.7,block-trades-tiny/s,629062.1,output records/s,30.09,1.0,1.0002,100.0,0.057,2.5,0.0226,0.0877,2640.0,4096m,736,19680,1923690496,3221225472,0.4918,0.5069,0.0013,0.5069,0.0029,594.0,,8c010e5c57edcca4,2026-09-09T21:18:49Z,docs/skill-validation/clean-room/run-27/tinyproof.json,
clean-room,27,tinyproof,tinyproof,,4,4,tiny,OK,419408.7,block-trades-tiny/s,2516452.0,output records/s,30.09,3.966,0.9914,100.0,0.225,2.5,0.09,0.0221,2662.0,4096m,0,77376,1708838912,3221225472,0.7122,0.2629,0.0249,0.2629,0.0044,96.6,,8c010e5c57edcca4,2026-09-09T21:21:55Z,docs/skill-validation/clean-room/run-27/tinyproof.json,
clean-room,28,suite,suite.json,,1,1,p1-asc,OK,191972.3,block-trades/s,959861.6,output records/s,60.15,0.961,0.9615,100.0,0.09,2.5,0.036,0.0879,5290.0,4096m,0,151328,1309868032,4294967296,0.4972,0.5015,0.0013,0.5015,0.0026,1430.0,10000,437a14a2910b1df8,2026-09-10T02:13:23Z,docs/skill-validation/clean-room/run-28/suite.json,quick look: not publishable
clean-room,28,suite,suite.json,,1,1,p2-desc,OK,177612.0,block-trades/s,888059.9,output records/s,60.19,0.996,0.9961,99.8,0.107,2.5,0.043,0.0798,4804.0,4096m,0,130034,1332994048,4294967296,0.5562,0.4438,0.0,0.4438,0.0031,1548.6,10000,437a14a2910b1df8,2026-09-10T02:34:12Z,docs/skill-validation/clean-room/run-28/suite.json,quick look: not publishable
clean-room,28,suite,suite.json,,1,1,sentinel,OK,189172.8,block-trades/s,945864.0,output records/s,69.7,0.999,0.9994,100.0,0.108,2.5,0.0431,0.0952,6634.0,4096m,0,161906,1440411648,4294967296,0.5186,0.4803,0.0011,0.4803,0.0041,1437.8,10000,437a14a2910b1df8,2026-09-10T02:38:32Z,docs/skill-validation/clean-room/run-28/suite.json,quick look: not publishable
clean-room,28,suite,suite.json,,2,2,p1-asc,OK,395754.0,block-trades/s,1978769.9,output records/s,60.12,1.998,0.999,100.0,0.192,2.5,0.0769,0.0277,3334.0,4096m,0,301338,1348239360,4294967296,0.5242,0.4645,0.0112,0.4645,0.0034,614.8,10000,437a14a2910b1df8,2026-09-10T02:17:34Z,docs/skill-validation/clean-room/run-28/suite.json,quick look: not publishable
clean-room,28,suite,suite.json,,2,2,p2-desc,OK,398209.4,block-trades/s,1991047.0,output records/s,60.12,1.988,0.994,100.0,0.223,2.5,0.0891,0.0296,3564.0,4096m,0,295079,1429192704,4294967296,0.551,0.4333,0.0158,0.4333,0.0022,609.0,10000,437a14a2910b1df8,2026-09-10T02:29:54Z,docs/skill-validation/clean-room/run-28/suite.json,quick look: not publishable
clean-room,28,suite,suite.json,,4,4,p1-asc,OK,729171.3,block-trades/s,3645856.4,output records/s,69.68,3.994,0.9986,100.0,0.448,2.5,0.1791,0.0218,6062.0,4096m,0,35,837910528,4294967296,0.7228,0.2304,0.0467,0.2304,0.0048,250.4,10000,437a14a2910b1df8,2026-09-10T02:21:48Z,docs/skill-validation/clean-room/run-28/suite.json,quick look: not publishable
clean-room,28,suite,suite.json,,4,4,p2-desc,OK,786237.0,block-trades/s,3931185.2,output records/s,60.14,3.99,0.9974,100.0,0.457,2.5,0.1828,0.0219,5276.0,4096m,0,101722,671670272,4294967296,0.7443,0.1995,0.0562,0.1995,0.0023,237.5,10000,437a14a2910b1df8,2026-09-10T02:26:08Z,docs/skill-validation/clean-room/run-28/suite.json,quick look: not publishable
clean-room,28,tinyproof,tinyproof,,1,1,tiny,OK,185637.4,block-trades-tiny/s,928186.8,output records/s,30.09,0.998,0.9984,100.0,0.086,2.5,0.0346,0.0754,2268.0,4096m,0,75776,1678983168,4294967296,0.5053,0.4943,0.0004,0.4943,0.0027,769.3,,437a14a2910b1df8,2026-09-10T02:02:52Z,docs/skill-validation/clean-room/run-28/tinyproof.json,
clean-room,28,tinyproof,tinyproof,,4,4,tiny,OK,749619.5,block-trades-tiny/s,3748097.7,output records/s,30.08,3.993,0.9982,100.0,0.389,2.5,0.1555,0.0222,2668.0,4096m,0,187284,612233216,4294967296,0.6964,0.2572,0.0464,0.2572,0.0045,136.0,,437a14a2910b1df8,2026-09-10T02:06:17Z,docs/skill-validation/clean-room/run-28/tinyproof.json,
clean-room,29,keep-tinyproof-attempt1,tinyproof,,1,1,tiny,OK,168914.3,block-trades-tiny/s,844571.6,output records/s,30.07,0.99,0.9903,100.0,0.151,2.5,0.0603,0.0336,1011.0,,2362,74621,2928599040,4294967296,0.5494,0.4371,0.0135,0.4371,0.0065,97.1,,6036a8f0b26de5d4,2026-09-10T12:30:14Z,docs/skill-validation/clean-room/run-29/keep-tinyproof-attempt1.json,no sibling suite.json; memory config not recorded here
clean-room,29,keep-tinyproof-attempt1,tinyproof,,4,4,tiny,REFUSED,,,,,,,,,,,,,,,,,,,,,,,,,,6036a8f0b26de5d4,2026-09-10T12:32:32Z,docs/skill-validation/clean-room/run-29/keep-tinyproof-attempt1.json,no sibling suite.json; memory config not recorded here
clean-room,29,keep-tinyproof-attempt2,tinyproof,,1,1,tiny,CEILING,167979.9,block-trades-tiny/s,839899.5,output records/s,30.06,0.989,0.9891,99.7,0.157,2.5,0.0628,0.0437,1314.0,,2646,98560,2918461440,4294967296,0.5186,0.4757,0.0056,0.4757,0.0052,414.9,,6036a8f0b26de5d4,2026-09-10T12:51:11Z,docs/skill-validation/clean-room/run-29/keep-tinyproof-attempt2.json,no sibling suite.json; memory config not recorded here
clean-room,29,keep-tinyproof-attempt2,tinyproof,,4,4,tiny,OK,707469.3,block-trades-tiny/s,3537346.7,output records/s,30.05,3.965,0.9912,100.0,0.636,2.5,0.2543,0.0075,897.0,,0,313430,1154150400,4294967296,0.6807,0.3039,0.0154,0.3039,0.0035,57.0,,6036a8f0b26de5d4,2026-09-10T12:53:43Z,docs/skill-validation/clean-room/run-29/keep-tinyproof-attempt2.json,no sibling suite.json; memory config not recorded here
clean-room,29,tinyproof,tinyproof,,1,1,tiny,OK,181115.1,block-trades-tiny/s,905575.6,output records/s,30.07,1.004,1.004,100.0,0.124,2.5,0.0494,0.0376,1130.0,,0,107264,3224350720,6710886400,0.4898,0.4973,0.0129,0.4973,0.001,387.5,,6036a8f0b26de5d4,2026-09-10T13:10:15Z,docs/skill-validation/clean-room/run-29/tinyproof.json,no sibling suite.json; memory config not recorded here
clean-room,29,tinyproof,tinyproof,,4,4,tiny,OK,746842.1,block-trades-tiny/s,3734210.5,output records/s,30.03,3.948,0.9869,98.3,0.606,2.5,0.2423,0.0075,899.0,,0,451648,1437749248,6710886400,0.6925,0.304,0.0035,0.304,0.0021,37.8,,6036a8f0b26de5d4,2026-09-10T13:12:33Z,docs/skill-validation/clean-room/run-29/tinyproof.json,no sibling suite.json; memory config not recorded here
clean-room,47,suite,suite.json,,1,1,p1-asc,CEILING,117276.2,orders/s,586381.1,output records/s,60.08,0.95,0.95,100.0,0.142,2.5,0.0569,0.023,1382.0,"{'perCase': {'1': '1664m', '2': '2304m', '4': '3584m'}, 'rule': 'tmMemoryBase + tmMemoryPerCore x cores, so every subtask gets the same; the container figure is not held still'}",4496,193506,3531304960,4831838208,0.6635,0.3345,0.0007,0.3345,0.0012,1275.6,10000,3f6c398464479ec2,2026-09-24T07:56:56Z,docs/skill-validation/clean-room/run-47/remeasure/suite.json,
clean-room,47,suite,suite.json,,1,1,p1-asc,CEILING,127164.2,orders/s,635821.1,output records/s,60.12,0.982,0.9817,100.0,0.156,2.5,0.0625,0.0207,1245.0,"{'perCase': {'1': '1664m', '2': '2304m', '4': '3584m'}, 'rule': 'tmMemoryBase + tmMemoryPerCore x cores, so every subtask gets the same; the container figure is not held still'}",5230,329812,3441635328,4831838208,0.7175,0.2792,0.0033,0.2792,0.0026,1163.0,10000,3f6c398464479ec2,2026-09-23T23:45:32Z,docs/skill-validation/clean-room/run-47/results/suite.json,
clean-room,47,suite,suite.json,,1,1,p2-desc,CEILING,128794.3,orders/s,643971.5,output records/s,69.69,0.985,0.9855,100.0,0.142,2.5,0.0568,0.0226,1576.0,"{'perCase': {'1': '1664m', '2': '2304m', '4': '3584m'}, 'rule': 'tmMemoryBase + tmMemoryPerCore x cores, so every subtask gets the same; the container figure is not held still'}",5556,227158,3528646656,4831838208,0.6557,0.3413,0.003,0.3413,0.0023,1141.4,10000,3f6c398464479ec2,2026-09-24T08:16:08Z,docs/skill-validation/clean-room/run-47/remeasure/suite.json,
clean-room,47,suite,suite.json,,1,1,p2-desc,OK,116619.5,orders/s,583097.7,output records/s,60.12,1.005,1.0052,100.0,0.147,2.5,0.0589,0.0187,1124.0,"{'perCase': {'1': '1664m', '2': '2304m', '4': '3584m'}, 'rule': 'tmMemoryBase + tmMemoryPerCore x cores, so every subtask gets the same; the container figure is not held still'}",5093,272084,3475308544,4831838208,0.6595,0.3405,0.0,0.3405,0.0029,1256.4,10000,3f6c398464479ec2,2026-09-24T00:21:46Z,docs/skill-validation/clean-room/run-47/results/suite.json,
clean-room,47,suite,suite.json,,1,1,p3-asc,OK,122978.3,orders/s,614891.4,output records/s,60.14,0.994,0.9938,100.0,0.141,2.5,0.0565,0.018,1085.0,"{'perCase': {'1': '1664m', '2': '2304m', '4': '3584m'}, 'rule': 'tmMemoryBase + tmMemoryPerCore x cores, so every subtask gets the same; the container figure is not held still'}",4670,173554,3527815168,4831838208,0.6965,0.3017,0.0018,0.3017,0.0018,1205.3,10000,3f6c398464479ec2,2026-09-24T08:19:59Z,docs/skill-validation/clean-room/run-47/remeasure/suite.json,
clean-room,47,suite,suite.json,,1,1,p3-asc,OK,63528.4,orders/s,317642.1,output records/s,70.19,1.004,1.0039,100.0,0.313,2.5,0.1254,0.015,1053.0,"{'perCase': {'1': '1664m', '2': '2304m', '4': '3584m'}, 'rule': 'tmMemoryBase + tmMemoryPerCore x cores, so every subtask gets the same; the container figure is not held still'}",3090,169422,3477983232,4831838208,0.6616,0.333,0.0054,0.333,0.0012,2371.0,10000,3f6c398464479ec2,2026-09-24T00:32:45Z,docs/skill-validation/clean-room/run-47/results/suite.json,
clean-room,47,suite,suite.json,,1,1,sentinel,OK,123063.9,orders/s,615319.4,output records/s,70.22,0.997,0.9965,100.0,0.138,2.5,0.0551,0.0213,1499.0,"{'perCase': {'1': '1664m', '2': '2304m', '4': '3584m'}, 'rule': 'tmMemoryBase + tmMemoryPerCore x cores, so every subtask gets the same; the container figure is not held still'}",5246,212199,3529248768,4831838208,0.6759,0.324,0.0001,0.324,0.0049,1192.2,10000,3f6c398464479ec2,2026-09-24T08:32:09Z,docs/skill-validation/clean-room/run-47/remeasure/suite.json,
clean-room,47,suite,suite.json,,1,1,sentinel,OK,113441.8,orders/s,567209.0,output records/s,60.1,1.0,0.9995,100.0,0.168,2.5,0.0672,0.0172,1033.0,"{'perCase': {'1': '1664m', '2': '2304m', '4': '3584m'}, 'rule': 'tmMemoryBase + tmMemoryPerCore x cores, so every subtask gets the same; the container figure is not held still'}",4996,236384,3477430272,4831838208,0.6788,0.3175,0.0037,0.3175,0.002,1301.3,10000,3f6c398464479ec2,2026-09-24T00:47:29Z,docs/skill-validation/clean-room/run-47/results/suite.json,
clean-room,47,suite,suite.json,,2,2,p1-asc,OK,218514.2,orders/s,1092571.0,output records/s,60.11,1.995,0.9974,100.0,0.275,2.5,0.1099,0.0108,1303.0,"{'perCase': {'1': '1664m', '2': '2304m', '4': '3584m'}, 'rule': 'tmMemoryBase + tmMemoryPerCore x cores, so every subtask gets the same; the container figure is not held still'}",10555,528817,3523342336,4831838208,0.7301,0.2443,0.0256,0.2443,0.002,613.4,10000,3f6c398464479ec2,2026-09-24T08:00:50Z,docs/skill-validation/clean-room/run-47/remeasure/suite.json,
clean-room,47,suite,suite.json,,2,2,p1-asc,OK,208245.1,orders/s,1041225.3,output records/s,60.13,1.994,0.9972,99.3,0.376,2.5,0.1504,0.009,1087.0,"{'perCase': {'1': '1664m', '2': '2304m', '4': '3584m'}, 'rule': 'tmMemoryBase + tmMemoryPerCore x cores, so every subtask gets the same; the container figure is not held still'}",9820,543192,3433652224,4831838208,0.717,0.2588,0.0242,0.2588,0.001,650.6,10000,3f6c398464479ec2,2026-09-23T23:49:28Z,docs/skill-validation/clean-room/run-47/results/suite.json,
clean-room,47,suite,suite.json,,2,2,p2-desc,OK,231995.7,orders/s,1159978.6,output records/s,60.18,1.993,0.9964,99.2,0.267,2.5,0.1068,0.0092,1107.0,"{'perCase': {'1': '1664m', '2': '2304m', '4': '3584m'}, 'rule': 'tmMemoryBase + tmMemoryPerCore x cores, so every subtask gets the same; the container figure is not held still'}",11138,573082,3515064320,4831838208,0.7263,0.2457,0.028,0.2457,0.0048,570.0,10000,3f6c398464479ec2,2026-09-24T08:12:26Z,docs/skill-validation/clean-room/run-47/remeasure/suite.json,
clean-room,47,suite,suite.json,,2,2,p2-desc,OK,207698.5,orders/s,1038492.7,output records/s,60.16,2.011,1.0053,100.0,0.306,2.5,0.1224,0.0082,990.0,"{'perCase': {'1': '1664m', '2': '2304m', '4': '3584m'}, 'rule': 'tmMemoryBase + tmMemoryPerCore x cores, so every subtask gets the same; the container figure is not held still'}",10563,461737,3468537856,4831838208,0.7185,0.2607,0.0208,0.2607,0.001,650.4,10000,3f6c398464479ec2,2026-09-24T00:18:06Z,docs/skill-validation/clean-room/run-47/results/suite.json,
clean-room,47,suite,suite.json,,2,2,p3-asc,CEILING,220730.3,orders/s,1103651.6,output records/s,60.14,1.935,0.9677,99.8,0.25,2.5,0.1001,0.0113,1356.0,"{'perCase': {'1': '1664m', '2': '2304m', '4': '3584m'}, 'rule': 'tmMemoryBase + tmMemoryPerCore x cores, so every subtask gets the same; the container figure is not held still'}",10517,497385,3521327104,4831838208,0.7248,0.2512,0.024,0.2512,0.0021,606.7,10000,3f6c398464479ec2,2026-09-24T08:23:36Z,docs/skill-validation/clean-room/run-47/remeasure/suite.json,
clean-room,47,suite,suite.json,,2,2,p3-asc,OK,88955.2,orders/s,444775.9,output records/s,70.02,2.007,1.0033,99.6,0.624,2.5,0.2498,0.0107,1496.0,"{'perCase': {'1': '1664m', '2': '2304m', '4': '3584m'}, 'rule': 'tmMemoryBase + tmMemoryPerCore x cores, so every subtask gets the same; the container figure is not held still'}",5050,232987,3474898944,4831838208,0.7101,0.2674,0.0224,0.2674,0.0054,1644.0,10000,3f6c398464479ec2,2026-09-24T00:38:04Z,docs/skill-validation/clean-room/run-47/results/suite.json,
clean-room,47,suite,suite.json,,4,4,p1-asc,OK,392862.6,orders/s,1964312.8,output records/s,60.1,3.983,0.9958,98.5,0.497,2.5,0.1989,0.0038,917.0,"{'perCase': {'1': '1664m', '2': '2304m', '4': '3584m'}, 'rule': 'tmMemoryBase + tmMemoryPerCore x cores, so every subtask gets the same; the container figure is not held still'}",0,839698,3149639680,4831838208,0.7085,0.2812,0.0102,0.2812,0.0017,262.4,10000,3f6c398464479ec2,2026-09-24T08:04:56Z,docs/skill-validation/clean-room/run-47/remeasure/suite.json,
clean-room,47,suite,suite.json,,4,4,p1-asc,OK,115233.9,orders/s,576169.4,output records/s,70.22,3.948,0.9869,94.5,1.09,2.5,0.4361,0.0038,1068.0,"{'perCase': {'1': '1664m', '2': '2304m', '4': '3584m'}, 'rule': 'tmMemoryBase + tmMemoryPerCore x cores, so every subtask gets the same; the container figure is not held still'}",0,363431,2550972416,4831838208,0.6592,0.3324,0.0089,0.3324,0.0013,1207.8,10000,3f6c398464479ec2,2026-09-24T00:00:02Z,docs/skill-validation/clean-room/run-47/results/suite.json,
clean-room,47,suite,suite.json,,4,4,p2-desc,OK,431822.2,orders/s,2159111.1,output records/s,60.09,4.007,1.0016,99.2,0.476,2.5,0.1903,0.0054,1290.0,"{'perCase': {'1': '1664m', '2': '2304m', '4': '3584m'}, 'rule': 'tmMemoryBase + tmMemoryPerCore x cores, so every subtask gets the same; the container figure is not held still'}",0,1119281,2849710080,4831838208,0.7454,0.2432,0.0114,0.2432,0.0013,232.3,10000,3f6c398464479ec2,2026-09-24T08:08:46Z,docs/skill-validation/clean-room/run-47/remeasure/suite.json,
clean-room,47,suite,suite.json,,4,4,p2-desc,OK,473466.9,orders/s,2367334.7,output records/s,60.1,3.976,0.9939,98.5,0.572,2.5,0.2289,0.0052,1248.0,"{'perCase': {'1': '1664m', '2': '2304m', '4': '3584m'}, 'rule': 'tmMemoryBase + tmMemoryPerCore x cores, so every subtask gets the same; the container figure is not held still'}",0,3061,2951704576,4831838208,0.7465,0.2352,0.0183,0.2352,0.0004,155.9,10000,3f6c398464479ec2,2026-09-24T00:11:48Z,docs/skill-validation/clean-room/run-47/results/suite.json,
clean-room,47,suite,suite.json,,4,4,p3-asc,OK,363872.2,orders/s,1819361.0,output records/s,60.09,3.92,0.98,95.8,0.388,2.5,0.1553,0.0032,778.0,"{'perCase': {'1': '1664m', '2': '2304m', '4': '3584m'}, 'rule': 'tmMemoryBase + tmMemoryPerCore x cores, so every subtask gets the same; the container figure is not held still'}",0,893057,2837397504,4831838208,0.6887,0.3048,0.0065,0.3048,0.0013,274.9,10000,3f6c398464479ec2,2026-09-24T08:27:31Z,docs/skill-validation/clean-room/run-47/remeasure/suite.json,
clean-room,47,suite,suite.json,,4,4,p3-asc,OK,140069.1,orders/s,700345.4,output records/s,60.16,3.911,0.9777,92.3,1.025,2.5,0.4098,0.0037,884.0,"{'perCase': {'1': '1664m', '2': '2304m', '4': '3584m'}, 'rule': 'tmMemoryBase + tmMemoryPerCore x cores, so every subtask gets the same; the container figure is not held still'}",0,352753,2792681472,4831838208,0.7127,0.2741,0.0131,0.2741,0.0003,851.3,10000,3f6c398464479ec2,2026-09-24T00:43:05Z,docs/skill-validation/clean-room/run-47/results/suite.json,
clean-room,47,tinyproof,tinyproof,,1,1,tiny,CEILING,99200.8,orders-tiny/s,496003.9,output records/s,30.09,0.987,0.9868,100.0,0.108,2.5,0.0434,0.019,572.0,"{'perCase': {'1': '1664m', '2': '2304m', '4': '3584m'}, 'rule': 'tmMemoryBase + tmMemoryPerCore x cores, so every subtask gets the same; the container figure is not held still'}",2034,128960,3487764480,4831838208,0.5639,0.4342,0.0019,0.4342,0.0026,832.8,,3f6c398464479ec2,2026-09-23T23:30:21Z,docs/skill-validation/clean-room/run-47/results/tinyproof.json,
clean-room,47,tinyproof,tinyproof,,2,2,tiny,OK,239832.3,orders-tiny/s,1199161.7,output records/s,30.1,1.986,0.9929,100.0,0.236,2.5,0.0943,0.0113,682.0,"{'perCase': {'1': '1664m', '2': '2304m', '4': '3584m'}, 'rule': 'tmMemoryBase + tmMemoryPerCore x cores, so every subtask gets the same; the container figure is not held still'}",5921,317408,3474251776,4831838208,0.7247,0.2492,0.026,0.2492,0.0013,284.0,,3f6c398464479ec2,2026-09-23T23:33:22Z,docs/skill-validation/clean-room/run-47/results/tinyproof.json,
clean-room,47,tinyproof,tinyproof,,4,4,tiny,OK,422893.9,orders-tiny/s,2114469.4,output records/s,39.58,3.894,0.9734,92.4,0.424,2.5,0.1697,0.0058,916.0,"{'perCase': {'1': '1664m', '2': '2304m', '4': '3584m'}, 'rule': 'tmMemoryBase + tmMemoryPerCore x cores, so every subtask gets the same; the container figure is not held still'}",0,730852,2795315200,4831838208,0.6694,0.3195,0.0111,0.3195,0.0056,121.8,,3f6c398464479ec2,2026-09-23T23:36:39Z,docs/skill-validation/clean-room/run-47/results/tinyproof.json,
clean-room,48,suite,suite.json,,1,1,p1-asc,OK,129516.4,orders/s,647581.9,output records/s,69.65,0.998,0.9981,100.0,0.128,2.5,0.0513,0.0324,2260.0,"{'perCase': {'1': '1536m', '2': '2048m', '4': '3072m'}, 'rule': 'tmMemoryBase + tmMemoryPerCore x cores, so every subtask gets the same; the container figure is not held still'}",2747,161056,4246331392,5368709120,0.7279,0.2721,0.0,0.2721,0.0044,1783.4,10000,12d4d5de99ecf590,2026-09-24T11:06:14Z,docs/skill-validation/clean-room/run-48/chain2/suite.json,
clean-room,48,suite,suite.json,,1,1,p1-asc,OK,129601.1,orders/s,648005.5,output records/s,60.18,0.998,0.9984,100.0,0.134,2.5,0.0535,0.0308,1851.0,"{'perCase': {'1': '1536m', '2': '2048m', '4': '3072m'}, 'rule': 'tmMemoryBase + tmMemoryPerCore x cores, so every subtask gets the same; the container figure is not held still'}",2470,140800,4238487552,5368709120,0.7197,0.2773,0.003,0.2773,0.0031,1788.9,10000,12d4d5de99ecf590,2026-09-24T12:37:59Z,docs/skill-validation/clean-room/run-48/chain3/suite.json,
clean-room,48,suite,suite.json,,1,1,p1-asc,OK,128421.1,orders/s,642105.3,output records/s,69.69,0.982,0.9825,100.0,0.128,2.5,0.0513,0.0282,1962.0,"{'perCase': {'1': '1536m', '2': '2048m', '4': '3072m'}, 'rule': 'tmMemoryBase + tmMemoryPerCore x cores, so every subtask gets the same; the container figure is not held still'}",2773,157440,4229197824,5368709120,0.7201,0.2799,0.0,0.2799,0.0024,1804.9,10000,12d4d5de99ecf590,2026-09-24T15:23:02Z,docs/skill-validation/clean-room/run-48/live-check/suite.json,
clean-room,48,suite,suite.json,,1,1,p2-desc,OK,137046.1,orders/s,685230.3,output records/s,69.69,0.99,0.9905,100.0,0.12,2.5,0.0478,0.0312,2173.0,"{'perCase': {'1': '1536m', '2': '2048m', '4': '3072m'}, 'rule': 'tmMemoryBase + tmMemoryPerCore x cores, so every subtask gets the same; the container figure is not held still'}",2175,51389,4263452672,5368709120,0.7451,0.2549,0.0,0.2549,0.0028,1682.8,10000,12d4d5de99ecf590,2026-09-24T11:25:52Z,docs/skill-validation/clean-room/run-48/chain2/suite.json,
clean-room,48,suite,suite.json,,1,1,p2-desc,CEILING,125597.0,orders/s,627985.1,output records/s,60.15,0.947,0.9472,100.0,0.127,2.5,0.051,0.0381,2292.0,"{'perCase': {'1': '1536m', '2': '2048m', '4': '3072m'}, 'rule': 'tmMemoryBase + tmMemoryPerCore x cores, so every subtask gets the same; the container figure is not held still'}",1505,35350,4254904320,5368709120,0.7435,0.2565,0.0,0.2565,0.0041,1859.3,10000,12d4d5de99ecf590,2026-09-24T12:57:40Z,docs/skill-validation/clean-room/run-48/chain3/suite.json,
clean-room,48,suite,suite.json,,1,1,p2-desc,OK,125536.1,orders/s,627680.6,output records/s,60.17,1.001,1.0011,100.0,0.135,2.5,0.0541,0.0376,2264.0,"{'perCase': {'1': '1536m', '2': '2048m', '4': '3072m'}, 'rule': 'tmMemoryBase + tmMemoryPerCore x cores, so every subtask gets the same; the container figure is not held still'}",1442,19785,4247109632,5368709120,0.7123,0.2877,0.0,0.2877,0.0007,1856.7,10000,12d4d5de99ecf590,2026-09-24T15:43:10Z,docs/skill-validation/clean-room/run-48/live-check/suite.json,
clean-room,48,suite,suite.json,,1,1,p3-asc,OK,137722.9,orders/s,688614.6,output records/s,60.15,1.002,1.0018,100.0,0.128,2.5,0.0511,0.0323,1943.0,"{'perCase': {'1': '1536m', '2': '2048m', '4': '3072m'}, 'rule': 'tmMemoryBase + tmMemoryPerCore x cores, so every subtask gets the same; the container figure is not held still'}",1897,45852,4262039552,5368709120,0.7218,0.2777,0.0005,0.2777,0.0015,1678.1,10000,12d4d5de99ecf590,2026-09-24T11:30:04Z,docs/skill-validation/clean-room/run-48/chain2/suite.json,
clean-room,48,suite,suite.json,,1,1,p3-asc,CEILING,129686.2,orders/s,648431.2,output records/s,60.14,0.978,0.9782,100.0,0.125,2.5,0.0502,0.0388,2334.0,"{'perCase': {'1': '1536m', '2': '2048m', '4': '3072m'}, 'rule': 'tmMemoryBase + tmMemoryPerCore x cores, so every subtask gets the same; the container figure is not held still'}",1122,18130,4249432064,5368709120,0.7443,0.2557,0.0,0.2557,0.0015,1796.5,10000,12d4d5de99ecf590,2026-09-24T13:01:29Z,docs/skill-validation/clean-room/run-48/chain3/suite.json,
clean-room,48,suite,suite.json,,1,1,p3-asc,OK,133088.9,orders/s,665444.6,output records/s,69.65,0.997,0.997,100.0,0.129,2.5,0.0515,0.0283,1972.0,"{'perCase': {'1': '1536m', '2': '2048m', '4': '3072m'}, 'rule': 'tmMemoryBase + tmMemoryPerCore x cores, so every subtask gets the same; the container figure is not held still'}",1123,26998,4241059840,5368709120,0.7447,0.2538,0.0015,0.2538,0.0049,1735.6,10000,12d4d5de99ecf590,2026-09-24T15:46:48Z,docs/skill-validation/clean-room/run-48/live-check/suite.json,
clean-room,48,suite,suite.json,,1,1,sentinel,CEILING,130915.1,orders/s,654575.7,output records/s,60.15,0.979,0.9794,100.0,0.127,2.5,0.051,0.0332,1995.0,"{'perCase': {'1': '1536m', '2': '2048m', '4': '3072m'}, 'rule': 'tmMemoryBase + tmMemoryPerCore x cores, so every subtask gets the same; the container figure is not held still'}",1494,18702,4262338560,5368709120,0.6963,0.3028,0.0008,0.3028,0.0032,1779.7,10000,12d4d5de99ecf590,2026-09-24T11:41:59Z,docs/skill-validation/clean-room/run-48/chain2/suite.json,
clean-room,48,suite,suite.json,,1,1,sentinel,OK,130459.8,orders/s,652299.2,output records/s,60.18,0.998,0.9978,100.0,0.126,2.5,0.0505,0.0373,2245.0,"{'perCase': {'1': '1536m', '2': '2048m', '4': '3072m'}, 'rule': 'tmMemoryBase + tmMemoryPerCore x cores, so every subtask gets the same; the container figure is not held still'}",1791,37874,4260372480,5368709120,0.7232,0.2768,0.0,0.2768,0.004,1778.7,10000,12d4d5de99ecf590,2026-09-24T13:13:25Z,docs/skill-validation/clean-room/run-48/chain3/suite.json,
clean-room,48,suite,suite.json,,1,1,sentinel,OK,125546.3,orders/s,627731.7,output records/s,69.67,0.996,0.996,100.0,0.127,2.5,0.051,0.0301,2096.0,"{'perCase': {'1': '1536m', '2': '2048m', '4': '3072m'}, 'rule': 'tmMemoryBase + tmMemoryPerCore x cores, so every subtask gets the same; the container figure is not held still'}",1890,29927,4252041216,5368709120,0.7499,0.2507,0.0,0.2507,0.0046,1844.5,10000,12d4d5de99ecf590,2026-09-24T15:58:39Z,docs/skill-validation/clean-room/run-48/live-check/suite.json,
clean-room,48,suite,suite.json,,2,2,p1-asc,OK,249316.8,orders/s,1246584.0,output records/s,60.12,2.008,1.0041,99.7,0.225,2.5,0.09,0.0113,1356.0,"{'perCase': {'1': '1536m', '2': '2048m', '4': '3072m'}, 'rule': 'tmMemoryBase + tmMemoryPerCore x cores, so every subtask gets the same; the container figure is not held still'}",2762,269343,4173627392,5368709120,0.7854,0.2079,0.0067,0.2079,0.0005,833.4,10000,12d4d5de99ecf590,2026-09-24T11:10:10Z,docs/skill-validation/clean-room/run-48/chain2/suite.json,
clean-room,48,suite,suite.json,,2,2,p1-asc,OK,241250.6,orders/s,1206252.8,output records/s,60.13,2.007,1.0036,100.0,0.26,2.5,0.1039,0.0186,2237.0,"{'perCase': {'1': '1536m', '2': '2048m', '4': '3072m'}, 'rule': 'tmMemoryBase + tmMemoryPerCore x cores, so every subtask gets the same; the container figure is not held still'}",4647,262507,4230275072,5368709120,0.7697,0.2215,0.0088,0.2215,0.0027,894.5,10000,12d4d5de99ecf590,2026-09-24T12:42:08Z,docs/skill-validation/clean-room/run-48/chain3/suite.json,
clean-room,48,suite,suite.json,,2,2,p1-asc,OK,249308.8,orders/s,1246543.8,output records/s,69.66,2.001,1.0003,99.9,0.251,2.5,0.1005,0.0167,2324.0,"{'perCase': {'1': '1536m', '2': '2048m', '4': '3072m'}, 'rule': 'tmMemoryBase + tmMemoryPerCore x cores, so every subtask gets the same; the container figure is not held still'}",5864,311170,4227014656,5368709120,0.7792,0.2111,0.0097,0.2111,0.0049,855.1,10000,12d4d5de99ecf590,2026-09-24T15:27:11Z,docs/skill-validation/clean-room/run-48/live-check/suite.json,
clean-room,48,suite,suite.json,,2,2,p2-desc,OK,245570.0,orders/s,1227850.2,output records/s,69.63,2.006,1.0032,100.0,0.225,2.5,0.0901,0.0174,2421.0,"{'perCase': {'1': '1536m', '2': '2048m', '4': '3072m'}, 'rule': 'tmMemoryBase + tmMemoryPerCore x cores, so every subtask gets the same; the container figure is not held still'}",0,232566,4199202816,5368709120,0.7799,0.2144,0.0058,0.2144,0.0029,868.2,10000,12d4d5de99ecf590,2026-09-24T11:21:50Z,docs/skill-validation/clean-room/run-48/chain2/suite.json,
clean-room,48,suite,suite.json,,2,2,p2-desc,OK,234636.8,orders/s,1173183.9,output records/s,60.18,1.903,0.9513,99.8,0.215,2.5,0.0862,0.0157,1890.0,"{'perCase': {'1': '1536m', '2': '2048m', '4': '3072m'}, 'rule': 'tmMemoryBase + tmMemoryPerCore x cores, so every subtask gets the same; the container figure is not held still'}",0,191401,4062740480,5368709120,0.7681,0.2259,0.006,0.2259,0.0023,930.0,10000,12d4d5de99ecf590,2026-09-24T12:53:37Z,docs/skill-validation/clean-room/run-48/chain3/suite.json,
clean-room,48,suite,suite.json,,2,2,p2-desc,OK,217397.3,orders/s,1086986.3,output records/s,60.14,2.01,1.0052,100.0,0.251,2.5,0.1006,0.016,1922.0,"{'perCase': {'1': '1536m', '2': '2048m', '4': '3072m'}, 'rule': 'tmMemoryBase + tmMemoryPerCore x cores, so every subtask gets the same; the container figure is not held still'}",4224,185956,4249227264,5368709120,0.763,0.2273,0.0097,0.2273,0.0014,1003.4,10000,12d4d5de99ecf590,2026-09-24T15:39:21Z,docs/skill-validation/clean-room/run-48/live-check/suite.json,
clean-room,48,suite,suite.json,,2,2,p3-asc,OK,238423.7,orders/s,1192118.5,output records/s,60.1,2.003,1.0016,100.0,0.22,2.5,0.0881,0.0123,1475.0,"{'perCase': {'1': '1536m', '2': '2048m', '4': '3072m'}, 'rule': 'tmMemoryBase + tmMemoryPerCore x cores, so every subtask gets the same; the container figure is not held still'}",0,193209,4195205120,5368709120,0.6837,0.3132,0.0031,0.3132,0.0008,910.1,10000,12d4d5de99ecf590,2026-09-24T11:33:47Z,docs/skill-validation/clean-room/run-48/chain2/suite.json,
clean-room,48,suite,suite.json,,2,2,p3-asc,OK,246165.2,orders/s,1230825.9,output records/s,60.15,2.0,0.9998,99.8,0.229,2.5,0.0917,0.018,2170.0,"{'perCase': {'1': '1536m', '2': '2048m', '4': '3072m'}, 'rule': 'tmMemoryBase + tmMemoryPerCore x cores, so every subtask gets the same; the container figure is not held still'}",0,210530,4079394816,5368709120,0.7473,0.2443,0.0083,0.2443,0.0029,874.0,10000,12d4d5de99ecf590,2026-09-24T13:05:34Z,docs/skill-validation/clean-room/run-48/chain3/suite.json,
clean-room,48,suite,suite.json,,2,2,p3-asc,OK,232916.1,orders/s,1164580.4,output records/s,60.14,2.001,1.0004,99.8,0.239,2.5,0.0956,0.0157,1884.0,"{'perCase': {'1': '1536m', '2': '2048m', '4': '3072m'}, 'rule': 'tmMemoryBase + tmMemoryPerCore x cores, so every subtask gets the same; the container figure is not held still'}",3904,199301,4202168320,5368709120,0.7578,0.2367,0.0056,0.2367,0.0022,929.3,10000,12d4d5de99ecf590,2026-09-24T15:50:50Z,docs/skill-validation/clean-room/run-48/live-check/suite.json,
clean-room,48,suite,suite.json,,4,4,p1-asc,OK,470555.1,orders/s,2352775.6,output records/s,60.08,3.97,0.9925,99.7,0.47,2.5,0.1882,0.0087,2083.0,"{'perCase': {'1': '1536m', '2': '2048m', '4': '3072m'}, 'rule': 'tmMemoryBase + tmMemoryPerCore x cores, so every subtask gets the same; the container figure is not held still'}",0,507092,3304108032,5368709120,0.8496,0.1286,0.0218,0.1286,0.0012,385.8,10000,12d4d5de99ecf590,2026-09-24T11:14:30Z,docs/skill-validation/clean-room/run-48/chain2/suite.json,
clean-room,48,suite,suite.json,,4,4,p1-asc,OK,480765.0,orders/s,2403824.9,output records/s,60.13,3.898,0.9745,99.5,0.514,2.5,0.2057,0.0092,2208.0,"{'perCase': {'1': '1536m', '2': '2048m', '4': '3072m'}, 'rule': 'tmMemoryBase + tmMemoryPerCore x cores, so every subtask gets the same; the container figure is not held still'}",0,508424,3290820608,5368709120,0.8401,0.1362,0.0237,0.1362,0.0025,375.4,10000,12d4d5de99ecf590,2026-09-24T12:45:57Z,docs/skill-validation/clean-room/run-48/chain3/suite.json,
clean-room,48,suite,suite.json,,4,4,p1-asc,OK,477308.5,orders/s,2386542.3,output records/s,60.08,3.988,0.9969,99.5,0.492,2.5,0.1967,0.0066,1597.0,"{'perCase': {'1': '1536m', '2': '2048m', '4': '3072m'}, 'rule': 'tmMemoryBase + tmMemoryPerCore x cores, so every subtask gets the same; the container figure is not held still'}",0,516677,3550089216,5368709120,0.8532,0.12,0.0268,0.12,0.0014,379.7,10000,12d4d5de99ecf590,2026-09-24T15:31:21Z,docs/skill-validation/clean-room/run-48/live-check/suite.json,
clean-room,48,suite,suite.json,,4,4,p2-desc,OK,476894.6,orders/s,2384473.0,output records/s,60.07,3.829,0.9571,99.3,0.448,2.5,0.1793,0.01,2403.0,"{'perCase': {'1': '1536m', '2': '2048m', '4': '3072m'}, 'rule': 'tmMemoryBase + tmMemoryPerCore x cores, so every subtask gets the same; the container figure is not held still'}",0,398748,3314065408,5368709120,0.8239,0.1592,0.0169,0.1592,0.001,385.5,10000,12d4d5de99ecf590,2026-09-24T11:18:06Z,docs/skill-validation/clean-room/run-48/chain2/suite.json,
clean-room,48,suite,suite.json,,4,4,p2-desc,CEILING,436980.8,orders/s,2184904.0,output records/s,60.13,3.752,0.938,97.6,0.47,2.5,0.188,0.007,1680.0,"{'perCase': {'1': '1536m', '2': '2048m', '4': '3072m'}, 'rule': 'tmMemoryBase + tmMemoryPerCore x cores, so every subtask gets the same; the container figure is not held still'}",0,356916,3313885184,5368709120,0.8435,0.1278,0.0287,0.1278,0.0024,428.2,10000,12d4d5de99ecf590,2026-09-24T12:49:46Z,docs/skill-validation/clean-room/run-48/chain3/suite.json,
clean-room,48,suite,suite.json,,4,4,p2-desc,OK,453706.8,orders/s,2268534.1,output records/s,69.64,3.995,0.9987,99.4,0.496,2.5,0.1985,0.0084,2344.0,"{'perCase': {'1': '1536m', '2': '2048m', '4': '3072m'}, 'rule': 'tmMemoryBase + tmMemoryPerCore x cores, so every subtask gets the same; the container figure is not held still'}",0,504959,3529809920,5368709120,0.8514,0.1279,0.0208,0.1279,0.0059,392.3,10000,12d4d5de99ecf590,2026-09-24T15:35:09Z,docs/skill-validation/clean-room/run-48/live-check/suite.json,
clean-room,48,suite,suite.json,,4,4,p3-asc,OK,478384.5,orders/s,2391922.6,output records/s,60.12,4.004,1.0009,99.3,0.491,2.5,0.1963,0.0096,2308.0,"{'perCase': {'1': '1536m', '2': '2048m', '4': '3072m'}, 'rule': 'tmMemoryBase + tmMemoryPerCore x cores, so every subtask gets the same; the container figure is not held still'}",0,409519,3244195840,5368709120,0.8454,0.1286,0.026,0.1286,0.0014,376.1,10000,12d4d5de99ecf590,2026-09-24T11:37:52Z,docs/skill-validation/clean-room/run-48/chain2/suite.json,
clean-room,48,suite,suite.json,,4,4,p3-asc,OK,452991.0,orders/s,2264954.9,output records/s,69.6,3.925,0.9812,96.6,0.478,2.5,0.1914,0.0078,2178.0,"{'perCase': {'1': '1536m', '2': '2048m', '4': '3072m'}, 'rule': 'tmMemoryBase + tmMemoryPerCore x cores, so every subtask gets the same; the container figure is not held still'}",0,452315,3150852096,5368709120,0.8299,0.1279,0.0423,0.1279,0.0067,396.9,10000,12d4d5de99ecf590,2026-09-24T13:09:38Z,docs/skill-validation/clean-room/run-48/chain3/suite.json,
clean-room,48,suite,suite.json,,4,4,p3-asc,OK,441593.8,orders/s,2207969.0,output records/s,60.14,3.996,0.9989,99.5,0.488,2.5,0.195,0.0069,1649.0,"{'perCase': {'1': '1536m', '2': '2048m', '4': '3072m'}, 'rule': 'tmMemoryBase + tmMemoryPerCore x cores, so every subtask gets the same; the container figure is not held still'}",0,414835,3437264896,5368709120,0.8479,0.1324,0.0197,0.1324,0.0017,416.7,10000,12d4d5de99ecf590,2026-09-24T15:54:27Z,docs/skill-validation/clean-room/run-48/live-check/suite.json,
clean-room,48,tinyproof,tinyproof,,1,1,tiny,OK,128415.4,orders-tiny/s,642077.0,output records/s,30.08,1.004,1.0038,100.0,0.117,2.5,0.047,0.0391,1176.0,"{'perCase': {'1': '1536m', '2': '2048m', '4': '3072m'}, 'rule': 'tmMemoryBase + tmMemoryPerCore x cores, so every subtask gets the same; the container figure is not held still'}",928,69248,4262309888,5368709120,0.7417,0.2583,0.0,0.2583,0.001,1086.3,,12d4d5de99ecf590,2026-09-24T10:52:57Z,docs/skill-validation/clean-room/run-48/chain2/tinyproof.json,
clean-room,48,tinyproof,tinyproof,,1,1,tiny,CEILING,124679.5,orders-tiny/s,623397.5,output records/s,30.07,0.987,0.9871,100.0,0.112,2.5,0.0448,0.0286,860.0,"{'perCase': {'1': '1536m', '2': '2048m', '4': '3072m'}, 'rule': 'tmMemoryBase + tmMemoryPerCore x cores, so every subtask gets the same; the container figure is not held still'}",1180,66048,4253519872,5368709120,0.6573,0.3427,0.0,0.3427,0.0,1102.1,,12d4d5de99ecf590,2026-09-24T12:24:48Z,docs/skill-validation/clean-room/run-48/chain3/tinyproof.json,
clean-room,48,tinyproof,tinyproof,,1,1,tiny,OK,131780.7,orders-tiny/s,658903.6,output records/s,30.06,1.003,1.0027,100.0,0.111,2.5,0.0444,0.037,1111.0,"{'perCase': {'1': '1536m', '2': '2048m', '4': '3072m'}, 'rule': 'tmMemoryBase + tmMemoryPerCore x cores, so every subtask gets the same; the container figure is not held still'}",0,71264,4090585088,5368709120,0.7133,0.2867,0.0,0.2867,0.0028,1048.7,,12d4d5de99ecf590,2026-09-24T15:08:52Z,docs/skill-validation/clean-room/run-48/live-check/tinyproof.json,
clean-room,48,tinyproof,tinyproof,,2,2,tiny,OK,242477.1,orders-tiny/s,1212385.4,output records/s,30.07,2.002,1.0012,99.3,0.232,2.5,0.0926,0.0197,1184.0,"{'perCase': {'1': '1536m', '2': '2048m', '4': '3072m'}, 'rule': 'tmMemoryBase + tmMemoryPerCore x cores, so every subtask gets the same; the container figure is not held still'}",2428,131392,4213415936,5368709120,0.79,0.202,0.008,0.202,0.0027,529.1,,12d4d5de99ecf590,2026-09-24T10:55:35Z,docs/skill-validation/clean-room/run-48/chain2/tinyproof.json,
clean-room,48,tinyproof,tinyproof,,2,2,tiny,OK,230713.4,orders-tiny/s,1153567.2,output records/s,40.09,2.003,1.0015,100.0,0.242,2.5,0.097,0.0181,1450.0,"{'perCase': {'1': '1536m', '2': '2048m', '4': '3072m'}, 'rule': 'tmMemoryBase + tmMemoryPerCore x cores, so every subtask gets the same; the container figure is not held still'}",0,165760,4081770496,5368709120,0.7767,0.213,0.0103,0.213,0.0008,549.3,,12d4d5de99ecf590,2026-09-24T12:27:53Z,docs/skill-validation/clean-room/run-48/chain3/tinyproof.json,
clean-room,48,tinyproof,tinyproof,,2,2,tiny,OK,241671.1,orders-tiny/s,1208355.3,output records/s,30.05,1.982,0.9911,100.0,0.214,2.5,0.0856,0.0189,1136.0,"{'perCase': {'1': '1536m', '2': '2048m', '4': '3072m'}, 'rule': 'tmMemoryBase + tmMemoryPerCore x cores, so every subtask gets the same; the container figure is not held still'}",0,129376,3711590400,5368709120,0.7753,0.2165,0.008,0.2165,0.0026,520.1,,12d4d5de99ecf590,2026-09-24T15:12:09Z,docs/skill-validation/clean-room/run-48/live-check/tinyproof.json,
clean-room,48,tinyproof,tinyproof,,4,4,tiny,OK,482199.5,orders-tiny/s,2410997.5,output records/s,30.07,3.939,0.9848,98.0,0.461,2.5,0.1844,0.0091,1096.0,"{'perCase': {'1': '1536m', '2': '2048m', '4': '3072m'}, 'rule': 'tmMemoryBase + tmMemoryPerCore x cores, so every subtask gets the same; the container figure is not held still'}",0,258986,3354521600,5368709120,0.835,0.1401,0.0249,0.1401,0.0026,228.2,,12d4d5de99ecf590,2026-09-24T10:58:40Z,docs/skill-validation/clean-room/run-48/chain2/tinyproof.json,
clean-room,48,tinyproof,tinyproof,,4,4,tiny,OK,457094.7,orders-tiny/s,2285473.7,output records/s,30.08,4.007,1.0019,100.0,0.479,2.5,0.1916,0.0099,1191.0,"{'perCase': {'1': '1536m', '2': '2048m', '4': '3072m'}, 'rule': 'tmMemoryBase + tmMemoryPerCore x cores, so every subtask gets the same; the container figure is not held still'}",0,249119,3142070272,5368709120,0.8554,0.125,0.0196,0.125,0.004,246.4,,12d4d5de99ecf590,2026-09-24T12:30:53Z,docs/skill-validation/clean-room/run-48/chain3/tinyproof.json,
clean-room,48,tinyproof,tinyproof,,4,4,tiny,OK,486885.3,orders-tiny/s,2434426.6,output records/s,30.05,3.981,0.9954,99.3,0.496,2.5,0.1985,0.0077,923.0,"{'perCase': {'1': '1536m', '2': '2048m', '4': '3072m'}, 'rule': 'tmMemoryBase + tmMemoryPerCore x cores, so every subtask gets the same; the container figure is not held still'}",0,264280,3643777024,5368709120,0.8396,0.1392,0.0212,0.1392,0.0044,229.1,,12d4d5de99ecf590,2026-09-24T15:15:30Z,docs/skill-validation/clean-room/run-48/live-check/tinyproof.json,
clean-room,49,suite,suite.json,,1,1,p1-asc,OK,131103.4,orders/s,655517.2,output records/s,69.67,0.954,0.954,100.0,0.108,2.5,0.043,0.0361,2516.0,"{'perCase': {'1': '1536m', '2': '2048m', '4': '3072m'}, 'rule': 'tmMemoryBase + tmMemoryPerCore x cores, so every subtask gets the same; the container figure is not held still'}",2360,118816,4162473984,5637144576,0.5263,0.4737,0.0,0.4737,0.0035,2147.1,10000,0b585bd3f4abe677,2026-09-24T18:25:20Z,docs/skill-validation/clean-room/run-49/results/suite.json,
clean-room,49,suite,suite.json,,1,1,p2-desc,OK,132064.6,orders/s,660322.9,output records/s,60.18,0.993,0.9935,100.0,0.105,2.5,0.0419,0.0281,1690.0,"{'perCase': {'1': '1536m', '2': '2048m', '4': '3072m'}, 'rule': 'tmMemoryBase + tmMemoryPerCore x cores, so every subtask gets the same; the container figure is not held still'}",807,0,4164620288,5637144576,0.5228,0.4772,0.0,0.4772,0.0023,2131.8,10000,0b585bd3f4abe677,2026-09-24T18:45:06Z,docs/skill-validation/clean-room/run-49/results/suite.json,
clean-room,49,suite,suite.json,,1,1,p3-asc,OK,130788.1,orders/s,653940.7,output records/s,70.18,0.999,0.9986,100.0,0.114,2.5,0.0456,0.0343,2406.0,"{'perCase': {'1': '1536m', '2': '2048m', '4': '3072m'}, 'rule': 'tmMemoryBase + tmMemoryPerCore x cores, so every subtask gets the same; the container figure is not held still'}",693,12965,4159746048,5637144576,0.5416,0.4577,0.0007,0.4577,0.0031,2140.5,10000,0b585bd3f4abe677,2026-09-24T18:48:47Z,docs/skill-validation/clean-room/run-49/results/suite.json,
clean-room,49,suite,suite.json,,1,1,sentinel,OK,132197.7,orders/s,660988.3,output records/s,60.12,0.998,0.9977,100.0,0.108,2.5,0.043,0.0372,2236.0,"{'perCase': {'1': '1536m', '2': '2048m', '4': '3072m'}, 'rule': 'tmMemoryBase + tmMemoryPerCore x cores, so every subtask gets the same; the container figure is not held still'}",1138,0,4173586432,5637144576,0.535,0.4637,0.0013,0.4637,0.0046,2126.9,10000,0b585bd3f4abe677,2026-09-24T19:00:17Z,docs/skill-validation/clean-room/run-49/results/suite.json,
clean-room,49,suite,suite.json,,2,2,p1-asc,OK,264491.7,orders/s,1322458.6,output records/s,60.15,1.998,0.9991,100.0,0.212,2.5,0.0846,0.0189,2278.0,"{'perCase': {'1': '1536m', '2': '2048m', '4': '3072m'}, 'rule': 'tmMemoryBase + tmMemoryPerCore x cores, so every subtask gets the same; the container figure is not held still'}",0,219215,3942633472,5637144576,0.5596,0.4322,0.0083,0.4322,0.0019,990.3,10000,0b585bd3f4abe677,2026-09-24T18:29:04Z,docs/skill-validation/clean-room/run-49/results/suite.json,
clean-room,49,suite,suite.json,,2,2,p2-desc,OK,247007.9,orders/s,1235039.5,output records/s,69.64,1.994,0.9972,99.4,0.224,2.5,0.0897,0.0138,1918.0,"{'perCase': {'1': '1536m', '2': '2048m', '4': '3072m'}, 'rule': 'tmMemoryBase + tmMemoryPerCore x cores, so every subtask gets the same; the container figure is not held still'}",0,195899,3867058176,5637144576,0.5122,0.4839,0.0039,0.4839,0.0053,1059.1,10000,0b585bd3f4abe677,2026-09-24T18:40:48Z,docs/skill-validation/clean-room/run-49/results/suite.json,
clean-room,49,suite,suite.json,,2,2,p3-asc,OK,255445.6,orders/s,1277228.1,output records/s,69.69,1.999,0.9995,99.9,0.203,2.5,0.0813,0.0162,2263.0,"{'perCase': {'1': '1536m', '2': '2048m', '4': '3072m'}, 'rule': 'tmMemoryBase + tmMemoryPerCore x cores, so every subtask gets the same; the container figure is not held still'}",0,201002,3819143168,5637144576,0.5451,0.4478,0.0071,0.4478,0.0047,1019.8,10000,0b585bd3f4abe677,2026-09-24T18:52:35Z,docs/skill-validation/clean-room/run-49/results/suite.json,
clean-room,49,suite,suite.json,,4,4,p1-asc,OK,506831.6,orders/s,2534157.8,output records/s,69.68,3.99,0.9976,99.6,0.429,2.5,0.1716,0.0092,2571.0,"{'perCase': {'1': '1536m', '2': '2048m', '4': '3072m'}, 'rule': 'tmMemoryBase + tmMemoryPerCore x cores, so every subtask gets the same; the container figure is not held still'}",0,480409,3122704384,5637144576,0.7189,0.2665,0.0146,0.2665,0.0046,433.6,10000,0b585bd3f4abe677,2026-09-24T18:33:04Z,docs/skill-validation/clean-room/run-49/results/suite.json,
clean-room,49,suite,suite.json,,4,4,p2-desc,OK,480246.0,orders/s,2401230.1,output records/s,60.15,3.988,0.9971,98.7,0.462,2.5,0.1849,0.0082,1978.0,"{'perCase': {'1': '1536m', '2': '2048m', '4': '3072m'}, 'rule': 'tmMemoryBase + tmMemoryPerCore x cores, so every subtask gets the same; the container figure is not held still'}",0,397320,3069673472,5637144576,0.7176,0.2652,0.0172,0.2652,0.0021,472.8,10000,0b585bd3f4abe677,2026-09-24T18:36:55Z,docs/skill-validation/clean-room/run-49/results/suite.json,
clean-room,49,suite,suite.json,,4,4,p3-asc,OK,492775.3,orders/s,2463876.5,output records/s,60.12,4.012,1.003,99.8,0.43,2.5,0.1718,0.0097,2342.0,"{'perCase': {'1': '1536m', '2': '2048m', '4': '3072m'}, 'rule': 'tmMemoryBase + tmMemoryPerCore x cores, so every subtask gets the same; the container figure is not held still'}",0,406455,2985967616,5637144576,0.7205,0.2659,0.0135,0.2659,0.0013,461.9,10000,0b585bd3f4abe677,2026-09-24T18:56:38Z,docs/skill-validation/clean-room/run-49/results/suite.json,
clean-room,49,tinyproof,tinyproof,,1,1,tiny,OK,134652.9,orders-tiny/s,673264.4,output records/s,30.07,1.002,1.0021,100.0,0.118,2.5,0.0472,0.035,1052.0,"{'perCase': {'1': '1536m', '2': '2048m', '4': '3072m'}, 'rule': 'tmMemoryBase + tmMemoryPerCore x cores, so every subtask gets the same; the container figure is not held still'}",381,55552,4220575744,5637144576,0.5442,0.4558,0.0,0.4558,0.0003,1109.3,,0b585bd3f4abe677,2026-09-24T18:10:37Z,docs/skill-validation/clean-room/run-49/results/tinyproof.json,
clean-room,49,tinyproof,tinyproof,,2,2,tiny,OK,253792.7,orders-tiny/s,1268963.3,output records/s,30.04,1.984,0.9922,100.0,0.211,2.5,0.0845,0.0167,1004.0,"{'perCase': {'1': '1536m', '2': '2048m', '4': '3072m'}, 'rule': 'tmMemoryBase + tmMemoryPerCore x cores, so every subtask gets the same; the container figure is not held still'}",0,102848,4031201280,5637144576,0.5345,0.4601,0.0054,0.4601,0.0023,545.3,,0b585bd3f4abe677,2026-09-24T18:13:36Z,docs/skill-validation/clean-room/run-49/results/tinyproof.json,
clean-room,49,tinyproof,tinyproof,,4,4,tiny,OK,487825.8,orders-tiny/s,2439128.9,output records/s,30.06,4.005,1.0012,100.0,0.473,2.5,0.189,0.0112,1351.0,"{'perCase': {'1': '1536m', '2': '2048m', '4': '3072m'}, 'rule': 'tmMemoryBase + tmMemoryPerCore x cores, so every subtask gets the same; the container figure is not held still'}",0,201568,3136778240,5637144576,0.7174,0.26,0.0226,0.26,0.0012,254.5,,0b585bd3f4abe677,2026-09-24T18:16:26Z,docs/skill-validation/clean-room/run-49/results/tinyproof.json,
clean-room,50,suite,suite.json,,1,1,p1-asc,CEILING,28012.0,orders/s,140060.2,output records/s,69.73,0.999,0.9991,100.0,0.055,2.5,0.0218,0.092,6413.0,"{'perCase': {'1': '1664m', '2': '2304m', '4': '3584m'}, 'rule': 'tmMemoryBase + tmMemoryPerCore x cores, so every subtask gets the same; the container figure is not held still'}",589,27840,3478777856,4831838208,0.9696,0.0304,0.0,0.0304,0.0012,4141.2,10000,cf0586cba9111def,2026-09-25T02:38:11Z,docs/skill-validation/clean-room/run-50/results-chain1/suite.json,
clean-room,50,suite,suite.json,,1,1,p1-asc,CEILING,28906.0,orders/s,144530.0,output records/s,69.69,1.003,1.0032,100.0,0.042,2.5,0.017,0.0756,5269.0,"{'perCase': {'1': '2336m', '2': '2880m', '4': '3968m'}, 'rule': 'tmMemoryBase + tmMemoryPerCore x cores, so every subtask gets the same; the container figure is not held still'}",0,29,1480921088,4831838208,0.9709,0.0291,0.0,0.0291,0.0035,4012.8,10000,cf0586cba9111def,2026-09-25T04:03:53Z,docs/skill-validation/clean-room/run-50/results-suite2/suite.json,
clean-room,50,suite,suite.json,,1,1,p2-desc,CEILING,27249.2,orders/s,136245.9,output records/s,69.71,0.997,0.9972,100.0,0.045,2.5,0.0181,0.0974,6793.0,"{'perCase': {'1': '1664m', '2': '2304m', '4': '3584m'}, 'rule': 'tmMemoryBase + tmMemoryPerCore x cores, so every subtask gets the same; the container figure is not held still'}",0,0,1770528768,4831838208,0.9801,0.0199,0.0,0.0199,0.0034,4263.0,10000,cf0586cba9111def,2026-09-25T02:59:19Z,docs/skill-validation/clean-room/run-50/results-chain1/suite.json,
clean-room,50,suite,suite.json,,1,1,p2-desc,CEILING,27675.7,orders/s,138378.7,output records/s,69.67,1.002,1.0021,100.0,0.045,2.5,0.0182,0.0686,4778.0,"{'perCase': {'1': '2336m', '2': '2880m', '4': '3968m'}, 'rule': 'tmMemoryBase + tmMemoryPerCore x cores, so every subtask gets the same; the container figure is not held still'}",0,0,1625260032,4831838208,0.9669,0.0331,0.0,0.0331,0.0003,4198.1,10000,cf0586cba9111def,2026-09-25T04:25:34Z,docs/skill-validation/clean-room/run-50/results-suite2/suite.json,
clean-room,50,suite,suite.json,,1,1,p3-asc,CEILING,28874.0,orders/s,144370.2,output records/s,60.19,0.996,0.9964,100.0,0.043,2.5,0.0173,0.0936,5631.0,"{'perCase': {'1': '1664m', '2': '2304m', '4': '3584m'}, 'rule': 'tmMemoryBase + tmMemoryPerCore x cores, so every subtask gets the same; the container figure is not held still'}",0,0,1800900608,4831838208,0.9762,0.0238,0.0,0.0238,0.0012,4020.7,10000,cf0586cba9111def,2026-09-25T03:03:53Z,docs/skill-validation/clean-room/run-50/results-chain1/suite.json,
clean-room,50,suite,suite.json,,1,1,p3-asc,CEILING,27454.6,orders/s,137273.2,output records/s,60.17,0.997,0.9972,100.0,0.044,2.5,0.0176,0.0834,5021.0,"{'perCase': {'1': '2336m', '2': '2880m', '4': '3968m'}, 'rule': 'tmMemoryBase + tmMemoryPerCore x cores, so every subtask gets the same; the container figure is not held still'}",0,0,1609879552,4831838208,0.975,0.025,0.0,0.025,0.0028,4238.6,10000,cf0586cba9111def,2026-09-25T04:29:41Z,docs/skill-validation/clean-room/run-50/results-suite2/suite.json,
clean-room,50,suite,suite.json,,1,1,sentinel,CEILING,29292.2,orders/s,146460.9,output records/s,69.71,0.996,0.996,100.0,0.042,2.5,0.0169,0.082,5718.0,"{'perCase': {'1': '1664m', '2': '2304m', '4': '3584m'}, 'rule': 'tmMemoryBase + tmMemoryPerCore x cores, so every subtask gets the same; the container figure is not held still'}",0,29,1776484352,4831838208,0.972,0.028,0.0,0.028,0.0041,3956.6,10000,cf0586cba9111def,2026-09-25T03:16:12Z,docs/skill-validation/clean-room/run-50/results-chain1/suite.json,
clean-room,50,suite,suite.json,,1,1,sentinel,CEILING,27773.2,orders/s,138866.1,output records/s,60.15,0.994,0.9937,100.0,0.044,2.5,0.0177,0.0693,4170.0,"{'perCase': {'1': '2336m', '2': '2880m', '4': '3968m'}, 'rule': 'tmMemoryBase + tmMemoryPerCore x cores, so every subtask gets the same; the container figure is not held still'}",0,0,1596211200,4831838208,0.9672,0.0328,0.0,0.0328,0.0037,4192.8,10000,cf0586cba9111def,2026-09-25T04:42:42Z,docs/skill-validation/clean-room/run-50/results-suite2/suite.json,
clean-room,50,suite,suite.json,,2,2,p1-asc,OK,54513.6,orders/s,272568.2,output records/s,60.16,1.987,0.9933,100.0,0.108,2.5,0.0433,0.0328,3949.0,"{'perCase': {'1': '1664m', '2': '2304m', '4': '3584m'}, 'rule': 'tmMemoryBase + tmMemoryPerCore x cores, so every subtask gets the same; the container figure is not held still'}",846,45312,3443732480,4831838208,0.9768,0.0232,0.0,0.0232,0.0017,2070.4,10000,cf0586cba9111def,2026-09-25T02:42:30Z,docs/skill-validation/clean-room/run-50/results-chain1/suite.json,
clean-room,50,suite,suite.json,,2,2,p1-asc,OK,59178.5,orders/s,295892.6,output records/s,69.69,2.002,1.0009,100.0,0.087,2.5,0.0346,0.0298,4153.0,"{'perCase': {'1': '2336m', '2': '2880m', '4': '3968m'}, 'rule': 'tmMemoryBase + tmMemoryPerCore x cores, so every subtask gets the same; the container figure is not held still'}",0,7364,2278572032,4831838208,0.9701,0.0299,0.0,0.0299,0.0037,1885.2,10000,cf0586cba9111def,2026-09-25T04:08:28Z,docs/skill-validation/clean-room/run-50/results-suite2/suite.json,
clean-room,50,suite,suite.json,,2,2,p2-desc,OK,55378.4,orders/s,276891.8,output records/s,60.21,1.999,0.9996,100.0,0.091,2.5,0.0365,0.0316,3810.0,"{'perCase': {'1': '1664m', '2': '2304m', '4': '3584m'}, 'rule': 'tmMemoryBase + tmMemoryPerCore x cores, so every subtask gets the same; the container figure is not held still'}",0,25119,2380050432,4831838208,0.9735,0.0262,0.0003,0.0262,0.0039,2031.2,10000,cf0586cba9111def,2026-09-25T02:54:57Z,docs/skill-validation/clean-room/run-50/results-chain1/suite.json,
clean-room,50,suite,suite.json,,2,2,p2-desc,OK,56066.3,orders/s,280331.6,output records/s,60.14,1.963,0.9813,100.0,0.086,2.5,0.0345,0.0239,2871.0,"{'perCase': {'1': '2336m', '2': '2880m', '4': '3968m'}, 'rule': 'tmMemoryBase + tmMemoryPerCore x cores, so every subtask gets the same; the container figure is not held still'}",0,0,2236973056,4831838208,0.9686,0.0312,0.0003,0.0312,0.003,2005.8,10000,cf0586cba9111def,2026-09-25T04:21:32Z,docs/skill-validation/clean-room/run-50/results-suite2/suite.json,
clean-room,50,suite,suite.json,,2,2,p3-asc,OK,58801.8,orders/s,294009.0,output records/s,60.17,1.99,0.9952,100.0,0.085,2.5,0.0341,0.0346,4167.0,"{'perCase': {'1': '1664m', '2': '2304m', '4': '3584m'}, 'rule': 'tmMemoryBase + tmMemoryPerCore x cores, so every subtask gets the same; the container figure is not held still'}",0,2013,2503352320,4831838208,0.9794,0.0206,0.0,0.0206,0.0037,1906.4,10000,cf0586cba9111def,2026-09-25T03:08:09Z,docs/skill-validation/clean-room/run-50/results-chain1/suite.json,
clean-room,50,suite,suite.json,,2,2,p3-asc,OK,58529.2,orders/s,292646.2,output records/s,69.68,1.991,0.9956,100.0,0.089,2.5,0.0355,0.0247,3437.0,"{'perCase': {'1': '2336m', '2': '2880m', '4': '3968m'}, 'rule': 'tmMemoryBase + tmMemoryPerCore x cores, so every subtask gets the same; the container figure is not held still'}",0,8058,2513063936,4831838208,0.9708,0.0292,0.0,0.0292,0.0025,1902.1,10000,cf0586cba9111def,2026-09-25T04:34:03Z,docs/skill-validation/clean-room/run-50/results-suite2/suite.json,
clean-room,50,suite,suite.json,,4,4,p1-asc,OK,102706.5,orders/s,513532.3,output records/s,60.16,4.004,1.0011,100.0,0.196,2.5,0.0785,0.0108,2591.0,"{'perCase': {'1': '1664m', '2': '2304m', '4': '3584m'}, 'rule': 'tmMemoryBase + tmMemoryPerCore x cores, so every subtask gets the same; the container figure is not held still'}",0,88800,2180001792,4831838208,0.9788,0.0212,0.0,0.0212,0.0032,1008.3,10000,cf0586cba9111def,2026-09-25T02:46:16Z,docs/skill-validation/clean-room/run-50/results-chain1/suite.json,
clean-room,50,suite,suite.json,,4,4,p1-asc,OK,108809.4,orders/s,544047.2,output records/s,69.68,3.942,0.9855,99.9,0.167,2.5,0.0666,0.0095,2650.0,"{'perCase': {'1': '2336m', '2': '2880m', '4': '3968m'}, 'rule': 'tmMemoryBase + tmMemoryPerCore x cores, so every subtask gets the same; the container figure is not held still'}",0,83083,1671245824,4831838208,0.9772,0.0227,0.0,0.0227,0.0038,954.7,10000,cf0586cba9111def,2026-09-25T04:12:41Z,docs/skill-validation/clean-room/run-50/results-suite2/suite.json,
clean-room,50,suite,suite.json,,4,4,p2-desc,OK,106728.0,orders/s,533639.8,output records/s,60.11,3.985,0.9963,99.8,0.182,2.5,0.0727,0.0109,2619.0,"{'perCase': {'1': '1664m', '2': '2304m', '4': '3584m'}, 'rule': 'tmMemoryBase + tmMemoryPerCore x cores, so every subtask gets the same; the container figure is not held still'}",0,75417,2127241216,4831838208,0.9776,0.0224,0.0,0.0224,0.0005,958.1,10000,cf0586cba9111def,2026-09-25T02:50:40Z,docs/skill-validation/clean-room/run-50/results-chain1/suite.json,
clean-room,50,suite,suite.json,,4,4,p2-desc,OK,105667.4,orders/s,528337.0,output records/s,60.12,4.006,1.0016,100.0,0.18,2.5,0.0721,0.0095,2280.0,"{'perCase': {'1': '2336m', '2': '2880m', '4': '3968m'}, 'rule': 'tmMemoryBase + tmMemoryPerCore x cores, so every subtask gets the same; the container figure is not held still'}",0,70369,1579261952,4831838208,0.9776,0.0224,0.0,0.0224,0.0029,979.2,10000,cf0586cba9111def,2026-09-25T04:17:03Z,docs/skill-validation/clean-room/run-50/results-suite2/suite.json,
clean-room,50,suite,suite.json,,4,4,p3-asc,OK,106517.2,orders/s,532585.9,output records/s,60.17,3.808,0.9521,100.0,0.179,2.5,0.0714,0.0086,2069.0,"{'perCase': {'1': '1664m', '2': '2304m', '4': '3584m'}, 'rule': 'tmMemoryBase + tmMemoryPerCore x cores, so every subtask gets the same; the container figure is not held still'}",0,68281,2181263360,4831838208,0.9789,0.0211,0.0,0.0211,0.0033,990.5,10000,cf0586cba9111def,2026-09-25T03:12:10Z,docs/skill-validation/clean-room/run-50/results-chain1/suite.json,
clean-room,50,suite,suite.json,,4,4,p3-asc,OK,102233.9,orders/s,511169.6,output records/s,70.14,3.83,0.9575,100.0,0.175,2.5,0.07,0.0084,2366.0,"{'perCase': {'1': '2336m', '2': '2880m', '4': '3968m'}, 'rule': 'tmMemoryBase + tmMemoryPerCore x cores, so every subtask gets the same; the container figure is not held still'}",0,69179,1536004096,4831838208,0.9775,0.0225,0.0,0.0225,0.0024,1027.1,10000,cf0586cba9111def,2026-09-25T04:38:09Z,docs/skill-validation/clean-room/run-50/results-suite2/suite.json,
clean-room,50,tinyproof,tinyproof,,1,1,tiny,CEILING,28083.9,orders-tiny/s,140419.4,output records/s,30.09,0.99,0.9904,100.0,0.048,2.5,0.0191,0.1037,3121.0,"{'perCase': {'1': '1664m', '2': '2304m', '4': '3584m'}, 'rule': 'tmMemoryBase + tmMemoryPerCore x cores, so every subtask gets the same; the container figure is not held still'}",254,12128,3491774464,4831838208,0.9716,0.0284,0.0,0.0284,0.0025,2049.7,,cf0586cba9111def,2026-09-25T02:25:38Z,docs/skill-validation/clean-room/run-50/results-chain1/tinyproof.json,
clean-room,50,tinyproof,tinyproof,,1,1,tiny,CEILING,27775.1,orders-tiny/s,138875.4,output records/s,30.12,1.002,1.0021,100.0,0.05,2.5,0.0201,0.0678,2043.0,"{'perCase': {'1': '2336m', '2': '2880m', '4': '3968m'}, 'rule': 'tmMemoryBase + tmMemoryPerCore x cores, so every subtask gets the same; the container figure is not held still'}",0,12096,3111780352,4831838208,0.9756,0.0244,0.0,0.0244,0.005,2070.1,,cf0586cba9111def,2026-09-25T03:43:32Z,docs/skill-validation/clean-room/run-50/results-suite2/tinyproof.json,
clean-room,50,tinyproof,tinyproof,,2,2,tiny,OK,49787.6,orders-tiny/s,248937.8,output records/s,30.05,2.003,1.0017,100.0,0.112,2.5,0.0449,0.0354,2130.0,"{'perCase': {'1': '1664m', '2': '2304m', '4': '3584m'}, 'rule': 'tmMemoryBase + tmMemoryPerCore x cores, so every subtask gets the same; the container figure is not held still'}",483,21440,3455881216,4831838208,0.9707,0.0293,0.0,0.0293,0.0031,1115.1,,cf0586cba9111def,2026-09-25T02:28:46Z,docs/skill-validation/clean-room/run-50/results-chain1/tinyproof.json,
clean-room,50,tinyproof,tinyproof,,2,2,tiny,OK,52904.9,orders-tiny/s,264524.4,output records/s,30.07,2.013,1.0067,100.0,0.1,2.5,0.0398,0.0238,1433.0,"{'perCase': {'1': '2336m', '2': '2880m', '4': '3968m'}, 'rule': 'tmMemoryBase + tmMemoryPerCore x cores, so every subtask gets the same; the container figure is not held still'}",0,22688,2666172416,4831838208,0.9486,0.0514,0.0,0.0514,0.0046,1057.5,,cf0586cba9111def,2026-09-25T03:47:11Z,docs/skill-validation/clean-room/run-50/results-suite2/tinyproof.json,
clean-room,50,tinyproof,tinyproof,,4,4,tiny,OK,103866.9,orders-tiny/s,519334.3,output records/s,30.06,3.989,0.9974,100.0,0.226,2.5,0.0906,0.0109,1316.0,"{'perCase': {'1': '1664m', '2': '2304m', '4': '3584m'}, 'rule': 'tmMemoryBase + tmMemoryPerCore x cores, so every subtask gets the same; the container figure is not held still'}",0,43968,2364690432,4831838208,0.9576,0.0393,0.0031,0.0393,0.0018,505.4,,cf0586cba9111def,2026-09-25T02:32:21Z,docs/skill-validation/clean-room/run-50/results-chain1/tinyproof.json,
clean-room,50,tinyproof,tinyproof,,4,4,tiny,OK,99491.5,orders-tiny/s,497457.4,output records/s,30.07,4.007,1.0018,99.7,0.196,2.5,0.0783,0.0091,1090.0,"{'perCase': {'1': '2336m', '2': '2880m', '4': '3968m'}, 'rule': 'tmMemoryBase + tmMemoryPerCore x cores, so every subtask gets the same; the container figure is not held still'}",0,42848,1735278592,4831838208,0.9736,0.0261,0.0003,0.0261,0.0005,521.4,,cf0586cba9111def,2026-09-25T03:50:32Z,docs/skill-validation/clean-room/run-50/results-suite2/tinyproof.json,
rig,rig-2026-09-04,suite,suite.json,,1,1,p1-asc,OK,183365.1,block-trades/s,733460.3,output records/s,60.11,0.999,0.9992,100.0,0.133,2.5,0.0534,0.0747,4488.0,2560m,,,,,0.8015,0.1955,0.003,0.1955,0.0001,933.2,10000,6ee9600b17e9ba41,2026-09-05T01:22:44Z,docs/skill-validation/rig-2026-09-04/suite.json,
rig,rig-2026-09-04,suite,suite.json,,1,1,p2-desc,OK,179771.4,block-trades/s,719085.8,output records/s,60.16,0.999,0.9987,100.0,0.149,2.5,0.0595,0.0739,4446.0,2560m,,,,,0.7803,0.2178,0.0018,0.2178,0.0032,970.1,10000,6ee9600b17e9ba41,2026-09-05T01:44:00Z,docs/skill-validation/rig-2026-09-04/suite.json,
rig,rig-2026-09-04,suite,suite.json,,1,1,p3-asc,OK,186783.4,block-trades/s,747133.5,output records/s,69.65,0.972,0.9721,100.0,0.124,2.5,0.0497,0.0656,4572.0,2560m,,,,,0.7587,0.2394,0.0019,0.2394,0.005,926.8,10000,6ee9600b17e9ba41,2026-09-05T01:48:00Z,docs/skill-validation/rig-2026-09-04/suite.json,
rig,rig-2026-09-04,suite,suite.json,,1,1,sentinel,OK,170981.5,block-trades/s,683925.8,output records/s,69.69,0.998,0.9984,100.0,0.153,2.5,0.0614,0.0796,5544.0,2560m,,,,,0.7573,0.2407,0.002,0.2407,0.0043,1017.7,10000,6ee9600b17e9ba41,2026-09-05T01:59:40Z,docs/skill-validation/rig-2026-09-04/suite.json,
rig,rig-2026-09-04,suite,suite.json,,2,2,p1-asc,OK,327498.9,block-trades/s,1309995.6,output records/s,60.18,2.008,1.004,99.8,0.415,2.5,0.1661,0.0345,4158.0,2560m,,,,,0.7558,0.1374,0.1067,0.1374,0.0,348.6,10000,6ee9600b17e9ba41,2026-09-05T01:26:34Z,docs/skill-validation/rig-2026-09-04/suite.json,
rig,rig-2026-09-04,suite,suite.json,,2,2,p2-desc,OK,357659.7,block-trades/s,1430638.9,output records/s,70.31,1.989,0.9944,99.7,0.333,2.5,0.1333,0.0341,4796.0,2560m,,,,,0.7413,0.1309,0.1279,0.1309,0.004,396.4,10000,6ee9600b17e9ba41,2026-09-05T01:39:43Z,docs/skill-validation/rig-2026-09-04/suite.json,
rig,rig-2026-09-04,suite,suite.json,,2,2,p3-asc,OK,390769.0,block-trades/s,1563076.2,output records/s,60.11,2.002,1.0008,100.0,0.321,2.5,0.1286,0.0348,4188.0,2560m,,,,,0.7132,0.1218,0.165,0.1218,0.0026,366.7,10000,6ee9600b17e9ba41,2026-09-05T01:51:55Z,docs/skill-validation/rig-2026-09-04/suite.json,
rig,rig-2026-09-04,suite,suite.json,,4,4,p1-asc,OK,705850.1,block-trades/s,2823400.4,output records/s,60.11,3.987,0.9967,98.7,0.629,2.5,0.2515,0.0218,5238.0,2560m,,,,,0.8154,0.1002,0.0844,0.1002,0.0021,137.3,10000,6ee9600b17e9ba41,2026-09-05T01:32:12Z,docs/skill-validation/rig-2026-09-04/suite.json,
rig,rig-2026-09-04,suite,suite.json,,4,4,p2-desc,OK,731807.4,block-trades/s,2927229.7,output records/s,60.11,3.895,0.9737,94.0,0.684,2.5,0.2736,0.0239,5754.0,2560m,,,,,0.824,0.0829,0.093,0.0829,0.0041,121.4,10000,6ee9600b17e9ba41,2026-09-05T01:36:14Z,docs/skill-validation/rig-2026-09-04/suite.json,
rig,rig-2026-09-04,suite,suite.json,,4,4,p3-asc,REFUSED,720015.3,block-trades/s,2880061.0,output records/s,60.18,3.713,0.9282,90.7,0.703,2.5,0.2811,0.0265,6378.0,2560m,,,,,0.8021,0.0729,0.125,0.0729,0.0002,119.7,10000,6ee9600b17e9ba41,2026-09-05T01:55:47Z,docs/skill-validation/rig-2026-09-04/suite.json,
rig,rig-2026-09-04,tinyproof,tinyproof,,1,1,tiny,OK,154213.7,block-trades-tiny/s,616854.8,output records/s,39.61,0.999,0.9986,100.0,0.116,2.5,0.0466,0.0621,2460.0,2560m,,,,,0.8099,0.1445,0.0456,0.1445,0.0082,807.5,,6ee9600b17e9ba41,2026-09-05T01:10:35Z,docs/skill-validation/rig-2026-09-04/tinyproof.json,
rig,rig-2026-09-04,tinyproof,tinyproof,,4,4,tiny,OK,740526.4,block-trades-tiny/s,2962105.5,output records/s,30.05,3.848,0.9621,94.3,0.583,2.5,0.2333,0.024,2880.0,2560m,,,,,0.7951,0.0906,0.1143,0.0906,0.0015,109.4,,6ee9600b17e9ba41,2026-09-05T01:13:35Z,docs/skill-validation/rig-2026-09-04/tinyproof.json,
harness-live,harness-live-1,suite,suite.json,,2,,p1-asc,OK,213072.8,block-trades/s,1704582.4,output records/s,60.15,2.007,1.0036,100.0,0.316,,0.1265,0.0291,3506.0,4096m,,,,,0.7412,0.2587,0.0,0.2587,0.0032,601.3,10000,57be5902a9228120,2026-09-04T02:12:02Z,docs/skill-validation/harness-live-1/suite.json,
harness-live,harness-live-1,suite,suite.json,,2,,p2-desc,OK,221022.9,block-trades/s,1768183.4,output records/s,60.14,1.993,0.9966,100.0,0.318,,0.1274,0.0297,3576.0,4096m,,,,,0.7336,0.2664,0.0,0.2664,0.0024,579.9,10000,57be5902a9228120,2026-09-04T02:23:45Z,docs/skill-validation/harness-live-1/suite.json,
harness-live,harness-live-1,suite,suite.json,,2,,p3-asc,OK,217746.5,block-trades/s,1741971.7,output records/s,60.2,2.005,1.0025,100.0,0.311,,0.1243,0.033,3972.0,4096m,,,,,0.7617,0.2383,0.0,0.2383,0.0035,575.2,10000,57be5902a9228120,2026-09-04T02:27:40Z,docs/skill-validation/harness-live-1/suite.json,
harness-live,harness-live-1,suite,suite.json,,4,,p1-asc,OK,438038.9,block-trades/s,3504311.1,output records/s,60.15,3.986,0.9964,100.0,0.615,,0.2462,0.0267,6414.0,4096m,,,,,0.7735,0.226,0.0005,0.226,0.0032,210.8,10000,57be5902a9228120,2026-09-04T02:16:09Z,docs/skill-validation/harness-live-1/suite.json,
harness-live,harness-live-1,suite,suite.json,,4,,p2-desc,OK,437343.5,block-trades/s,3498748.3,output records/s,60.17,3.988,0.9971,99.7,0.613,,0.2452,0.0256,6158.0,4096m,,,,,0.7863,0.2137,0.0,0.2137,0.0021,215.0,10000,57be5902a9228120,2026-09-04T02:20:09Z,docs/skill-validation/harness-live-1/suite.json,
harness-live,harness-live-1,suite,suite.json,,4,,p3-asc,OK,440984.4,block-trades/s,3527874.8,output records/s,69.68,3.829,0.9572,99.7,0.612,,0.2447,0.0274,7642.0,4096m,,,,,0.815,0.1844,0.0006,0.1844,0.0043,209.9,10000,57be5902a9228120,2026-09-04T02:31:25Z,docs/skill-validation/harness-live-1/suite.json,
harness-live,harness-live-1,tinyproof,tinyproof,,2,,tiny,OK,213936.9,block-trades-tiny/s,1711495.3,output records/s,30.09,1.998,0.999,100.0,0.277,,0.1107,0.0362,2176.0,4096m,,,,,0.7459,0.2538,0.0003,0.2538,0.002,197.6,,57be5902a9228120,2026-09-04T01:33:54Z,docs/skill-validation/harness-live-1/tinyproof.json,
harness-live,harness-live-1,tinyproof,tinyproof,,4,,tiny,OK,396916.0,block-trades-tiny/s,3175327.9,output records/s,30.07,3.949,0.9873,100.0,0.536,,0.2145,0.0255,3064.0,4096m,,,,,0.6986,0.2993,0.0021,0.2993,0.0007,73.0,,57be5902a9228120,2026-09-04T01:36:35Z,docs/skill-validation/harness-live-1/tinyproof.json,
plan-12,phase1,"rig-noise experiment on run 11's build: arm A six 4-core passes at a constant config (spread 10.2%, sd 3.8%); arm C 1-core p=1 (two valid of three, one refused at 95.3% of cap) and 2-core p=2. Arms ran back to back, not interleaved; same rig, build and day",record,,1,,1,,175286,block trades/s,,,,,,,,,,,,,,,,,,,,,,,,,,docs/runs/harness-record/plan12-phase1.json,"rate only; step valid: {""1->2"": true, ""2->4"": true}"
plan-12,phase1,"rig-noise experiment on run 11's build: arm A six 4-core passes at a constant config (spread 10.2%, sd 3.8%); arm C 1-core p=1 (two valid of three, one refused at 95.3% of cap) and 2-core p=2. Arms ran back to back, not interleaved; same rig, build and day",record,,1,,2,,189498,block trades/s,,,,,,,,,,,,,,,,,,,,,,,,,,docs/runs/harness-record/plan12-phase1.json,"rate only; step valid: {""1->2"": true, ""2->4"": true}"
plan-12,phase1,"rig-noise experiment on run 11's build: arm A six 4-core passes at a constant config (spread 10.2%, sd 3.8%); arm C 1-core p=1 (two valid of three, one refused at 95.3% of cap) and 2-core p=2. Arms ran back to back, not interleaved; same rig, build and day",record,,2,,1,,406455,block trades/s,,,,,,,,,,,,,,,,,,,,,,,,,,docs/runs/harness-record/plan12-phase1.json,"rate only; step valid: {""1->2"": true, ""2->4"": true}"
plan-12,phase1,"rig-noise experiment on run 11's build: arm A six 4-core passes at a constant config (spread 10.2%, sd 3.8%); arm C 1-core p=1 (two valid of three, one refused at 95.3% of cap) and 2-core p=2. Arms ran back to back, not interleaved; same rig, build and day",record,,2,,2,,385684,block trades/s,,,,,,,,,,,,,,,,,,,,,,,,,,docs/runs/harness-record/plan12-phase1.json,"rate only; step valid: {""1->2"": true, ""2->4"": true}"
plan-12,phase1,"rig-noise experiment on run 11's build: arm A six 4-core passes at a constant config (spread 10.2%, sd 3.8%); arm C 1-core p=1 (two valid of three, one refused at 95.3% of cap) and 2-core p=2. Arms ran back to back, not interleaved; same rig, build and day",record,,2,,3,,390475,block trades/s,,,,,,,,,,,,,,,,,,,,,,,,,,docs/runs/harness-record/plan12-phase1.json,"rate only; step valid: {""1->2"": true, ""2->4"": true}"
plan-12,phase1,"rig-noise experiment on run 11's build: arm A six 4-core passes at a constant config (spread 10.2%, sd 3.8%); arm C 1-core p=1 (two valid of three, one refused at 95.3% of cap) and 2-core p=2. Arms ran back to back, not interleaved; same rig, build and day",record,,4,,1,,772290,block trades/s,,,,,,,,,,,,,,,,,,,,,,,,,,docs/runs/harness-record/plan12-phase1.json,"rate only; step valid: {""1->2"": true, ""2->4"": true}"
plan-12,phase1,"rig-noise experiment on run 11's build: arm A six 4-core passes at a constant config (spread 10.2%, sd 3.8%); arm C 1-core p=1 (two valid of three, one refused at 95.3% of cap) and 2-core p=2. Arms ran back to back, not interleaved; same rig, build and day",record,,4,,2,,791042,block trades/s,,,,,,,,,,,,,,,,,,,,,,,,,,docs/runs/harness-record/plan12-phase1.json,"rate only; step valid: {""1->2"": true, ""2->4"": true}"
plan-12,phase1,"rig-noise experiment on run 11's build: arm A six 4-core passes at a constant config (spread 10.2%, sd 3.8%); arm C 1-core p=1 (two valid of three, one refused at 95.3% of cap) and 2-core p=2. Arms ran back to back, not interleaved; same rig, build and day",record,,4,,3,,759646,block trades/s,,,,,,,,,,,,,,,,,,,,,,,,,,docs/runs/harness-record/plan12-phase1.json,"rate only; step valid: {""1->2"": true, ""2->4"": true}"
plan-12,phase1,"rig-noise experiment on run 11's build: arm A six 4-core passes at a constant config (spread 10.2%, sd 3.8%); arm C 1-core p=1 (two valid of three, one refused at 95.3% of cap) and 2-core p=2. Arms ran back to back, not interleaved; same rig, build and day",record,,4,,4,,798902,block trades/s,,,,,,,,,,,,,,,,,,,,,,,,,,docs/runs/harness-record/plan12-phase1.json,"rate only; step valid: {""1->2"": true, ""2->4"": true}"
plan-12,phase1,"rig-noise experiment on run 11's build: arm A six 4-core passes at a constant config (spread 10.2%, sd 3.8%); arm C 1-core p=1 (two valid of three, one refused at 95.3% of cap) and 2-core p=2. Arms ran back to back, not interleaved; same rig, build and day",record,,4,,5,,747776,block trades/s,,,,,,,,,,,,,,,,,,,,,,,,,,docs/runs/harness-record/plan12-phase1.json,"rate only; step valid: {""1->2"": true, ""2->4"": true}"
plan-12,phase1,"rig-noise experiment on run 11's build: arm A six 4-core passes at a constant config (spread 10.2%, sd 3.8%); arm C 1-core p=1 (two valid of three, one refused at 95.3% of cap) and 2-core p=2. Arms ran back to back, not interleaved; same rig, build and day",record,,4,,6,,720658,block trades/s,,,,,,,,,,,,,,,,,,,,,,,,,,docs/runs/harness-record/plan12-phase1.json,"rate only; step valid: {""1->2"": true, ""2->4"": true}"
plan-12,phase2,tinyproof,tinyproof,,2,2,tiny,OK,342515.0,block-trades-tiny/s,1370060.1,output records/s,30.07,2.021,1.0104,100.0,0.285,2.5,0.114,0.0285,1716.0,,,,,,0.7605,0.1581,0.0814,0.1581,0.0012,320.5,,6ee9600b17e9ba41,2026-09-04T11:46:33Z,docs/skill-validation/plan-12/phase2/tinyproof.json,no sibling suite.json; memory config not recorded here
plan-12,phase2,tinyproof,tinyproof,,4,4,tiny,OK,805548.8,block-trades-tiny/s,3222195.4,output records/s,39.57,3.912,0.978,95.7,0.607,2.5,0.2429,0.0283,4474.0,,,,,,0.8082,0.0788,0.1131,0.0788,0.0117,85.6,,6ee9600b17e9ba41,2026-09-04T11:49:42Z,docs/skill-validation/plan-12/phase2/tinyproof.json,no sibling suite.json; memory config not recorded here
plan-12,phase3,suite,suite.json,,2,2,p1-asc,REFUSED,381649.4,block-trades/s,1526597.7,output records/s,60.11,1.947,0.9736,99.8,0.281,2.5,0.1123,0.0337,4050.0,2560m,,,,,0.7488,0.1474,0.1038,0.1474,0.0017,382.7,10000,6ee9600b17e9ba41,2026-09-04T13:37:49Z,docs/skill-validation/plan-12/phase3/suite.json,
plan-12,phase3,suite,suite.json,,2,2,p2-desc,OK,390455.5,block-trades/s,1561822.1,output records/s,70.17,1.996,0.9979,100.0,0.295,2.5,0.1181,0.034,4766.0,2560m,,,,,0.7137,0.1299,0.1564,0.1299,0.001,356.9,10000,6ee9600b17e9ba41,2026-09-04T13:49:22Z,docs/skill-validation/plan-12/phase3/suite.json,
plan-12,phase3,suite,suite.json,,2,2,p3-asc,OK,395828.1,block-trades/s,1583312.3,output records/s,69.67,1.999,0.9994,100.0,0.291,2.5,0.1163,0.0385,5366.0,2560m,,,,,0.7104,0.1327,0.1569,0.1327,0.0053,355.0,10000,6ee9600b17e9ba41,2026-09-04T13:53:33Z,docs/skill-validation/plan-12/phase3/suite.json,
plan-12,phase3,suite,suite.json,,2,2,sentinel,OK,394752.4,block-trades/s,1579009.6,output records/s,60.13,2.004,1.002,100.0,0.288,2.5,0.1154,0.0346,4158.0,2560m,,,,,0.715,0.1258,0.1592,0.1258,0.0015,360.9,10000,6ee9600b17e9ba41,2026-09-04T14:01:08Z,docs/skill-validation/plan-12/phase3/suite.json,
plan-12,phase3,suite,suite.json,,4,4,p1-asc,OK,742967.1,block-trades/s,2971868.3,output records/s,60.6,3.873,0.9682,95.0,0.611,2.5,0.2444,0.0236,5718.0,2560m,,,,,0.8235,0.0752,0.1013,0.0752,0.0067,113.4,10000,6ee9600b17e9ba41,2026-09-04T13:41:42Z,docs/skill-validation/plan-12/phase3/suite.json,
plan-12,phase3,suite,suite.json,,4,4,p2-desc,OK,773542.6,block-trades/s,3094170.6,output records/s,60.15,3.823,0.9557,95.9,0.608,2.5,0.2431,0.0256,6162.0,2560m,,,,,0.816,0.0805,0.1036,0.0805,0.0006,110.5,10000,6ee9600b17e9ba41,2026-09-04T13:45:31Z,docs/skill-validation/plan-12/phase3/suite.json,
plan-12,phase3,suite,suite.json,,4,4,p3-asc,OK,768094.7,block-trades/s,3072378.8,output records/s,60.61,3.848,0.9619,94.2,0.612,2.5,0.2448,0.0256,6212.0,2560m,,,,,0.8206,0.078,0.1014,0.078,0.0052,107.2,10000,6ee9600b17e9ba41,2026-09-04T13:57:32Z,docs/skill-validation/plan-12/phase3/suite.json,
plan-12,phase3,tinyproof,tinyproof,,2,2,tiny,OK,385584.6,block-trades-tiny/s,1542338.4,output records/s,30.09,2.011,1.0053,99.3,0.275,2.5,0.1102,0.0312,1880.0,2560m,,,,,0.7439,0.1679,0.0882,0.1679,0.004,282.0,,6ee9600b17e9ba41,2026-09-04T13:26:06Z,docs/skill-validation/plan-12/phase3/tinyproof.json,
plan-12,phase3,tinyproof,tinyproof,,4,4,tiny,OK,757355.0,block-trades-tiny/s,3029420.0,output records/s,39.57,3.835,0.9589,92.9,0.702,2.5,0.2809,0.0311,4924.0,2560m,,,,,0.8094,0.0789,0.1117,0.0789,0.0115,97.5,,6ee9600b17e9ba41,2026-09-04T13:28:52Z,docs/skill-validation/plan-12/phase3/tinyproof.json,
demo-under-harness,results-A-4keys-mem,suite,suite.json,,1,1,p1-asc,OK,74475.4,block-trades/s,372376.9,output records/s,60.11,1.0,1.0003,100.0,0.086,2.5,0.0344,0.0179,1077.0,4096m,0,30208,2887708672,4294967296,0.7183,0.2817,0.0,0.2817,0.0023,1874.9,5000,d465a077bb70b189,2026-09-10T17:33:03Z,docs/skill-validation/demo-under-harness/results-A-4keys-mem/suite.json,quick look: not publishable
demo-under-harness,results-A-4keys-mem,suite,suite.json,,1,1,p2-desc,OK,70348.1,block-trades/s,351740.3,output records/s,60.13,0.994,0.9938,100.0,0.072,2.5,0.0289,0.0149,896.0,4096m,0,25120,2131226624,4294967296,0.74,0.26,0.0,0.26,0.003,1994.9,5000,d465a077bb70b189,2026-09-10T17:55:01Z,docs/skill-validation/demo-under-harness/results-A-4keys-mem/suite.json,quick look: not publishable
demo-under-harness,results-A-4keys-mem,suite,suite.json,,1,1,sentinel,OK,76248.2,block-trades/s,381241.1,output records/s,60.15,0.962,0.9615,100.0,0.073,2.5,0.0292,0.0159,956.0,4096m,0,2,2236186624,4294967296,0.7462,0.2538,0.0,0.2538,0.0017,1831.6,5000,d465a077bb70b189,2026-09-10T17:59:21Z,docs/skill-validation/demo-under-harness/results-A-4keys-mem/suite.json,quick look: not publishable
demo-under-harness,results-A-4keys-mem,suite,suite.json,,2,2,p1-asc,OK,154600.9,block-trades/s,773004.6,output records/s,60.15,1.984,0.9918,100.0,0.14,2.5,0.0562,0.0054,645.0,4096m,0,62496,1506160640,4294967296,0.726,0.274,0.0,0.274,0.002,829.5,5000,d465a077bb70b189,2026-09-10T17:37:18Z,docs/skill-validation/demo-under-harness/results-A-4keys-mem/suite.json,quick look: not publishable
demo-under-harness,results-A-4keys-mem,suite,suite.json,,2,2,p2-desc,OK,151928.0,block-trades/s,759639.9,output records/s,60.12,1.908,0.9542,100.0,0.133,2.5,0.0532,0.0041,492.0,4096m,0,58962,2217107456,4294967296,0.7254,0.2746,0.0,0.2746,0.0025,848.5,5000,d465a077bb70b189,2026-09-10T17:50:31Z,docs/skill-validation/demo-under-harness/results-A-4keys-mem/suite.json,quick look: not publishable
demo-under-harness,results-A-4keys-mem,suite,suite.json,,4,4,p1-asc,OK,296655.0,block-trades/s,1483274.8,output records/s,60.09,4.01,1.0025,99.8,0.29,2.5,0.1162,0.0018,429.0,4096m,0,120908,1221951488,4294967296,0.5165,0.4835,0.0,0.4835,0.0019,358.9,5000,d465a077bb70b189,2026-09-10T17:41:17Z,docs/skill-validation/demo-under-harness/results-A-4keys-mem/suite.json,quick look: not publishable
demo-under-harness,results-A-4keys-mem,suite,suite.json,,4,4,p2-desc,CEILING,319975.4,block-trades/s,1599877.1,output records/s,60.1,3.779,0.9446,99.8,0.282,2.5,0.113,0.0022,522.0,4096m,0,125647,657489920,4294967296,0.5515,0.4485,0.0,0.4485,0.0021,326.9,5000,d465a077bb70b189,2026-09-10T17:45:47Z,docs/skill-validation/demo-under-harness/results-A-4keys-mem/suite.json,quick look: not publishable
demo-under-harness,results-A-4keys-mem,tinyproof,tinyproof,,1,1,tiny,OK,72213.7,block-trades-tiny/s,361068.4,output records/s,30.07,1.0,1.0,100.0,0.077,2.5,0.0307,0.0129,388.0,4096m,0,0,2570600448,4294967296,0.7255,0.2707,0.0039,0.2707,0.0005,768.6,,d465a077bb70b189,2026-09-10T17:22:09Z,docs/skill-validation/demo-under-harness/results-A-4keys-mem/tinyproof.json,
demo-under-harness,results-A-4keys-mem,tinyproof,tinyproof,,4,4,tiny,OK,295131.7,block-trades-tiny/s,1475658.4,output records/s,30.03,4.005,1.0014,99.3,0.287,2.5,0.1149,0.0022,268.0,4096m,0,60154,982917120,4294967296,0.4793,0.5155,0.0052,0.5155,0.002,150.0,,d465a077bb70b189,2026-09-10T17:24:51Z,docs/skill-validation/demo-under-harness/results-A-4keys-mem/tinyproof.json,
demo-under-harness,results-B-32k-gcceiling,tinyproof,tinyproof,,1,1,tiny,CEILING,47597.3,block-trades-tiny/s,237986.6,output records/s,30.07,0.99,0.99,100.0,0.078,2.5,0.0312,0.0902,2712.0,,0,0,2686345216,4294967296,0.5578,0.4309,0.0113,0.4309,0.0057,1207.5,,d465a077bb70b189,2026-09-10T18:21:09Z,docs/skill-validation/demo-under-harness/results-B-32k-gcceiling/tinyproof.json,no sibling suite.json; memory config not recorded here
demo-under-harness,results-B-32k-gcceiling,tinyproof,tinyproof,,4,4,tiny,OK,204838.5,block-trades-tiny/s,1024192.6,output records/s,30.07,3.96,0.9899,100.0,0.296,2.5,0.1184,0.0082,989.0,,0,48599,1054756864,4294967296,0.5792,0.4166,0.0041,0.4166,0.0015,227.9,,d465a077bb70b189,2026-09-10T18:23:41Z,docs/skill-validation/demo-under-harness/results-B-32k-gcceiling/tinyproof.json,no sibling suite.json; memory config not recorded here
demo-under-harness,results-C-4096keys,suite,suite.json,,1,1,p1-asc,OK,60719.8,block-trades/s,303599.0,output records/s,64.62,0.997,0.9973,100.0,0.088,2.5,0.0351,0.0404,2613.0,4096m,436,29952,2975879168,4294967296,0.6039,0.3961,0.0,0.3961,0.0034,2324.2,5000,d465a077bb70b189,2026-09-10T22:32:51Z,docs/skill-validation/demo-under-harness/results-C-4096keys/suite.json,quick look: not publishable
demo-under-harness,results-C-4096keys,suite,suite.json,,1,1,p2-desc,OK,56771.4,block-trades/s,283857.0,output records/s,60.12,0.962,0.9616,100.0,0.074,2.5,0.0294,0.0358,2150.0,4096m,0,8940,2340720640,4294967296,0.5918,0.4082,0.0,0.4082,0.0025,2504.7,5000,d465a077bb70b189,2026-09-10T22:54:11Z,docs/skill-validation/demo-under-harness/results-C-4096keys/suite.json,quick look: not publishable
demo-under-harness,results-C-4096keys,suite,suite.json,,1,1,sentinel,OK,57488.8,block-trades/s,287444.1,output records/s,60.09,0.985,0.9848,100.0,0.079,2.5,0.0317,0.0378,2274.0,4096m,0,30,2355412992,4294967296,0.5625,0.4375,0.0,0.4375,0.0019,2473.1,5000,d465a077bb70b189,2026-09-10T22:58:14Z,docs/skill-validation/demo-under-harness/results-C-4096keys/suite.json,quick look: not publishable
demo-under-harness,results-C-4096keys,suite,suite.json,,2,2,p1-asc,OK,120201.1,block-trades/s,601005.6,output records/s,60.13,1.947,0.9733,100.0,0.158,2.5,0.0631,0.008,959.0,4096m,0,54154,1748598784,4294967296,0.6241,0.3759,0.0,0.3759,0.0022,1110.9,5000,d465a077bb70b189,2026-09-10T22:37:02Z,docs/skill-validation/demo-under-harness/results-C-4096keys/suite.json,quick look: not publishable
demo-under-harness,results-C-4096keys,suite,suite.json,,2,2,p2-desc,OK,120030.7,block-trades/s,600153.4,output records/s,60.11,1.906,0.9528,100.0,0.143,2.5,0.0572,0.0077,922.0,4096m,0,53246,2100871168,4294967296,0.6109,0.3891,0.0,0.3891,0.0022,1110.7,5000,d465a077bb70b189,2026-09-10T22:50:27Z,docs/skill-validation/demo-under-harness/results-C-4096keys/suite.json,quick look: not publishable
demo-under-harness,results-C-4096keys,suite,suite.json,,4,4,p1-asc,OK,236306.2,block-trades/s,1181531.0,output records/s,60.13,3.8,0.95,100.0,0.312,2.5,0.1247,0.0024,581.0,4096m,0,104767,1370226688,4294967296,0.5867,0.4133,0.0,0.4133,0.0029,491.6,5000,d465a077bb70b189,2026-09-10T22:41:11Z,docs/skill-validation/demo-under-harness/results-C-4096keys/suite.json,quick look: not publishable
demo-under-harness,results-C-4096keys,suite,suite.json,,4,4,p2-desc,OK,241302.7,block-trades/s,1206513.7,output records/s,60.12,3.934,0.9834,99.5,0.334,2.5,0.1337,0.0028,668.0,4096m,0,108744,880340992,4294967296,0.5927,0.4073,0.0,0.4073,0.0016,476.4,5000,d465a077bb70b189,2026-09-10T22:45:48Z,docs/skill-validation/demo-under-harness/results-C-4096keys/suite.json,quick look: not publishable
demo-under-harness,results-C-4096keys,tinyproof,tinyproof,,1,1,tiny,OK,56463.2,block-trades-tiny/s,282316.1,output records/s,30.08,1.003,1.0029,100.0,0.082,2.5,0.0329,0.0379,1139.0,4096m,0,3626,2585989120,4294967296,0.5565,0.4399,0.0035,0.4399,0.0049,990.8,,d465a077bb70b189,2026-09-10T22:19:58Z,docs/skill-validation/demo-under-harness/results-C-4096keys/tinyproof.json,
demo-under-harness,results-C-4096keys,tinyproof,tinyproof,,4,4,tiny,OK,223027.2,block-trades-tiny/s,1115136.1,output records/s,30.06,4.027,1.0067,100.0,0.331,2.5,0.1325,0.0034,407.0,4096m,0,51768,1119236096,4294967296,0.5561,0.4381,0.0057,0.4381,0.0027,215.6,,d465a077bb70b189,2026-09-10T22:22:51Z,docs/skill-validation/demo-under-harness/results-C-4096keys/tinyproof.json,
demo-under-harness,results-demo-4keys,suite,suite.json,,1,1,p1-asc,OK,74649.2,block-trades/s,373245.9,output records/s,60.1,0.997,0.997,100.0,0.08,2.5,0.0319,0.0217,1307.0,4096m,0,30240,2675929088,4294967296,0.687,0.313,0.0,0.313,0.0029,1871.5,5000,d465a077bb70b189,2026-09-10T14:28:00Z,docs/skill-validation/demo-under-harness/results-demo-4keys/suite.json,
demo-under-harness,results-demo-4keys,suite,suite.json,,1,1,p2-desc,OK,76459.4,block-trades/s,382296.9,output records/s,60.12,0.955,0.9555,100.0,0.074,2.5,0.0298,0.0214,1286.0,4096m,0,6899,2415292416,4294967296,0.7072,0.2928,0.0,0.2928,0.0025,1826.1,5000,d465a077bb70b189,2026-09-10T14:50:06Z,docs/skill-validation/demo-under-harness/results-demo-4keys/suite.json,
demo-under-harness,results-demo-4keys,suite,suite.json,,1,1,p3-asc,OK,73371.3,block-trades/s,366856.6,output records/s,60.11,0.997,0.9973,100.0,0.071,2.5,0.0283,0.0213,1278.0,4096m,0,0,2500665344,4294967296,0.7077,0.2923,0.0,0.2923,0.0022,1894.6,5000,d465a077bb70b189,2026-09-10T14:54:16Z,docs/skill-validation/demo-under-harness/results-demo-4keys/suite.json,
demo-under-harness,results-demo-4keys,suite,suite.json,,1,1,sentinel,OK,74297.9,block-trades/s,371489.6,output records/s,64.62,0.995,0.9954,100.0,0.075,2.5,0.03,0.0196,1264.0,4096m,0,7182,2331824128,4294967296,0.7417,0.2583,0.0,0.2583,0.0041,1875.2,5000,d465a077bb70b189,2026-09-10T15:07:41Z,docs/skill-validation/demo-under-harness/results-demo-4keys/suite.json,
demo-under-harness,results-demo-4keys,suite,suite.json,,2,2,p1-asc,OK,144856.1,block-trades/s,724280.6,output records/s,60.11,1.996,0.998,100.0,0.156,2.5,0.0623,0.0104,1251.0,4096m,0,58880,2029838336,4294967296,0.7052,0.2948,0.0,0.2948,0.0027,894.4,5000,d465a077bb70b189,2026-09-10T14:32:02Z,docs/skill-validation/demo-under-harness/results-demo-4keys/suite.json,
demo-under-harness,results-demo-4keys,suite,suite.json,,2,2,p2-desc,OK,147732.3,block-trades/s,738661.3,output records/s,60.13,1.918,0.9589,100.0,0.132,2.5,0.0527,0.0133,1599.0,4096m,0,45611,2415681536,4294967296,0.7087,0.2913,0.0,0.2913,0.0022,876.3,5000,d465a077bb70b189,2026-09-10T14:45:42Z,docs/skill-validation/demo-under-harness/results-demo-4keys/suite.json,
demo-under-harness,results-demo-4keys,suite,suite.json,,2,2,p3-asc,OK,152413.0,block-trades/s,762065.1,output records/s,60.14,1.941,0.9705,100.0,0.142,2.5,0.0569,0.0104,1248.0,4096m,0,49432,2063704064,4294967296,0.7231,0.2769,0.0,0.2769,0.0036,845.0,5000,d465a077bb70b189,2026-09-10T14:58:22Z,docs/skill-validation/demo-under-harness/results-demo-4keys/suite.json,
demo-under-harness,results-demo-4keys,suite,suite.json,,4,4,p1-asc,OK,294499.3,block-trades/s,1472496.6,output records/s,60.09,3.822,0.9554,99.3,0.299,2.5,0.1195,0.0062,1479.0,4096m,0,116001,1478938624,4294967296,0.5333,0.4667,0.0,0.4667,0.0017,368.7,5000,d465a077bb70b189,2026-09-10T14:35:57Z,docs/skill-validation/demo-under-harness/results-demo-4keys/suite.json,
demo-under-harness,results-demo-4keys,suite,suite.json,,4,4,p2-desc,OK,305852.0,block-trades/s,1529260.0,output records/s,64.61,3.862,0.9654,99.2,0.282,2.5,0.1127,0.0065,1685.0,4096m,0,96422,1820942336,4294967296,0.5347,0.4653,0.0,0.4653,0.0058,344.4,5000,d465a077bb70b189,2026-09-10T14:40:44Z,docs/skill-validation/demo-under-harness/results-demo-4keys/suite.json,
demo-under-harness,results-demo-4keys,suite,suite.json,,4,4,p3-asc,OK,294971.1,block-trades/s,1474855.4,output records/s,60.07,3.984,0.996,99.8,0.29,2.5,0.1162,0.0072,1726.0,4096m,0,86165,2174492672,4294967296,0.5321,0.4679,0.0,0.4679,0.0008,363.0,5000,d465a077bb70b189,2026-09-10T15:02:44Z,docs/skill-validation/demo-under-harness/results-demo-4keys/suite.json,
demo-under-harness,results-demo-4keys,tinyproof,tinyproof,,1,1,tiny,OK,65079.1,block-trades-tiny/s,325395.6,output records/s,30.08,1.0,1.0001,100.0,0.079,2.5,0.0314,0.0144,432.0,4096m,0,0,2328653824,4294967296,0.7153,0.2752,0.0095,0.2752,0.0066,872.2,,d465a077bb70b189,2026-09-10T14:17:52Z,docs/skill-validation/demo-under-harness/results-demo-4keys/tinyproof.json,
demo-under-harness,results-demo-4keys,tinyproof,tinyproof,,4,4,tiny,OK,296988.7,block-trades-tiny/s,1484943.6,output records/s,30.05,3.93,0.9824,99.3,0.303,2.5,0.1211,0.0077,921.0,4096m,0,59396,2329300992,4294967296,0.4633,0.5244,0.0123,0.5244,0.0039,149.1,,d465a077bb70b189,2026-09-10T14:20:22Z,docs/skill-validation/demo-under-harness/results-demo-4keys/tinyproof.json,
demo-under-harness,results-demo-32k-gcceiling,tinyproof,tinyproof,,1,1,tiny,CEILING,42436.8,block-trades-tiny/s,212184.1,output records/s,30.09,0.987,0.9872,100.0,0.068,2.5,0.0271,0.1019,3066.0,,0,0,2685685760,4294967296,0.4905,0.5029,0.0066,0.5029,0.0045,1358.2,,d465a077bb70b189,2026-09-10T15:40:31Z,docs/skill-validation/demo-under-harness/results-demo-32k-gcceiling/tinyproof.json,no sibling suite.json; memory config not recorded here
demo-under-harness,results-demo-32k-gcceiling,tinyproof,tinyproof,,4,4,tiny,OK,192955.1,block-trades-tiny/s,964775.3,output records/s,30.06,3.948,0.9871,100.0,0.286,2.5,0.1144,0.0293,3529.0,,0,45728,2266066944,4294967296,0.5516,0.4472,0.0012,0.4472,0.0031,229.5,,d465a077bb70b189,2026-09-10T15:43:03Z,docs/skill-validation/demo-under-harness/results-demo-32k-gcceiling/tinyproof.json,no sibling suite.json; memory config not recorded here
article-gap,e0-article-build-java-choice,suite,suite.json,,1,1,p1-asc,OK,56299.1,block-trades/s,281495.7,output records/s,60.1,0.994,0.9945,100.0,0.086,2.5,0.0346,0.035,2101.0,"{'perCase': {'1': '2048m', '2': '3072m', '4': '5120m'}, 'rule': 'tmMemoryBase + tmMemoryPerCore x cores, so every subtask gets the same; the container figure is not held still'}",973,26208,3428003840,4563402752,0.5647,0.4353,0.0,0.4353,0.0019,2525.7,5000,d465a077bb70b189,2026-09-24T20:55:49Z,docs/skill-validation/article-gap/e0-article-build-java-choice/suite.json,
article-gap,e0-article-build-java-choice,suite,suite.json,,1,1,p2-desc,OK,59341.1,block-trades/s,296705.5,output records/s,60.12,0.999,0.9987,100.0,0.085,2.5,0.0338,0.0325,1953.0,"{'perCase': {'1': '2048m', '2': '3072m', '4': '5120m'}, 'rule': 'tmMemoryBase + tmMemoryPerCore x cores, so every subtask gets the same; the container figure is not held still'}",0,11238,2561613824,4563402752,0.5773,0.4227,0.0,0.4227,0.0022,2389.0,5000,d465a077bb70b189,2026-09-24T21:18:16Z,docs/skill-validation/article-gap/e0-article-build-java-choice/suite.json,
article-gap,e0-article-build-java-choice,suite,suite.json,,1,1,p3-asc,OK,60580.6,block-trades/s,302902.9,output records/s,60.11,0.956,0.9558,100.0,0.08,2.5,0.0321,0.0387,2324.0,"{'perCase': {'1': '2048m', '2': '3072m', '4': '5120m'}, 'rule': 'tmMemoryBase + tmMemoryPerCore x cores, so every subtask gets the same; the container figure is not held still'}",0,0,2544795648,4563402752,0.5892,0.4108,0.0,0.4108,0.0042,2341.6,5000,d465a077bb70b189,2026-09-24T21:22:17Z,docs/skill-validation/article-gap/e0-article-build-java-choice/suite.json,
article-gap,e0-article-build-java-choice,suite,suite.json,,1,1,sentinel,OK,60024.1,block-trades/s,300120.3,output records/s,60.12,0.998,0.9984,100.0,0.077,2.5,0.0308,0.0386,2321.0,"{'perCase': {'1': '2048m', '2': '3072m', '4': '5120m'}, 'rule': 'tmMemoryBase + tmMemoryPerCore x cores, so every subtask gets the same; the container figure is not held still'}",0,0,2596847616,4563402752,0.6145,0.3855,0.0,0.3855,0.0026,2362.2,5000,d465a077bb70b189,2026-09-24T21:34:48Z,docs/skill-validation/article-gap/e0-article-build-java-choice/suite.json,
article-gap,e0-article-build-java-choice,suite,suite.json,,2,2,p1-asc,OK,117953.8,block-trades/s,589769.0,output records/s,60.1,1.992,0.9959,100.0,0.19,2.5,0.0758,0.0092,1110.0,"{'perCase': {'1': '2048m', '2': '3072m', '4': '5120m'}, 'rule': 'tmMemoryBase + tmMemoryPerCore x cores, so every subtask gets the same; the container figure is not held still'}",3147,54816,3374198784,4563402752,0.6161,0.3839,0.0,0.3839,0.0033,1132.8,5000,d465a077bb70b189,2026-09-24T20:59:44Z,docs/skill-validation/article-gap/e0-article-build-java-choice/suite.json,
article-gap,e0-article-build-java-choice,suite,suite.json,,2,2,p2-desc,OK,118055.2,block-trades/s,590275.8,output records/s,60.11,1.911,0.9554,99.5,0.165,2.5,0.066,0.0099,1196.0,"{'perCase': {'1': '2048m', '2': '3072m', '4': '5120m'}, 'rule': 'tmMemoryBase + tmMemoryPerCore x cores, so every subtask gets the same; the container figure is not held still'}",2543,46783,3374354432,4563402752,0.5998,0.4002,0.0,0.4002,0.0021,1129.5,5000,d465a077bb70b189,2026-09-24T21:14:10Z,docs/skill-validation/article-gap/e0-article-build-java-choice/suite.json,
article-gap,e0-article-build-java-choice,suite,suite.json,,2,2,p3-asc,OK,120108.9,block-trades/s,600544.7,output records/s,60.16,1.993,0.9964,100.0,0.16,2.5,0.0641,0.0093,1114.0,"{'perCase': {'1': '2048m', '2': '3072m', '4': '5120m'}, 'rule': 'tmMemoryBase + tmMemoryPerCore x cores, so every subtask gets the same; the container figure is not held still'}",2863,26892,3344297984,4563402752,0.6123,0.3877,0.0,0.3877,0.0029,1110.4,5000,d465a077bb70b189,2026-09-24T21:26:04Z,docs/skill-validation/article-gap/e0-article-build-java-choice/suite.json,
article-gap,e0-article-build-java-choice,suite,suite.json,,4,4,p1-asc,OK,233757.1,block-trades/s,1168785.6,output records/s,60.08,3.871,0.9677,99.8,0.329,2.5,0.1316,0.0031,740.0,"{'perCase': {'1': '2048m', '2': '3072m', '4': '5120m'}, 'rule': 'tmMemoryBase + tmMemoryPerCore x cores, so every subtask gets the same; the container figure is not held still'}",0,105109,1326125056,4563402752,0.5769,0.4231,0.0,0.4231,0.0013,500.1,5000,d465a077bb70b189,2026-09-24T21:04:01Z,docs/skill-validation/article-gap/e0-article-build-java-choice/suite.json,
article-gap,e0-article-build-java-choice,suite,suite.json,,4,4,p2-desc,OK,239774.9,block-trades/s,1198874.3,output records/s,60.11,4.008,1.0021,99.5,0.331,2.5,0.1323,0.0029,695.0,"{'perCase': {'1': '2048m', '2': '3072m', '4': '5120m'}, 'rule': 'tmMemoryBase + tmMemoryPerCore x cores, so every subtask gets the same; the container figure is not held still'}",0,103593,2158993408,4563402752,0.5847,0.4153,0.0,0.4153,0.0024,446.6,5000,d465a077bb70b189,2026-09-24T21:08:35Z,docs/skill-validation/article-gap/e0-article-build-java-choice/suite.json,
article-gap,e0-article-build-java-choice,suite,suite.json,,4,4,p3-asc,OK,225150.8,block-trades/s,1125753.8,output records/s,64.64,3.975,0.9937,99.8,0.336,2.5,0.1344,0.0027,711.0,"{'perCase': {'1': '2048m', '2': '3072m', '4': '5120m'}, 'rule': 'tmMemoryBase + tmMemoryPerCore x cores, so every subtask gets the same; the container figure is not held still'}",0,111295,1515794432,4563402752,0.5774,0.4226,0.0,0.4226,0.0039,516.5,5000,d465a077bb70b189,2026-09-24T21:30:05Z,docs/skill-validation/article-gap/e0-article-build-java-choice/suite.json,
article-gap,e0-article-build-java-choice,tinyproof,tinyproof,,1,1,tiny,OK,52879.9,block-trades-tiny/s,264399.7,output records/s,30.08,0.994,0.9936,100.0,0.09,2.5,0.036,0.0293,882.0,"{'perCase': {'1': '2048m', '2': '3072m', '4': '5120m'}, 'rule': 'tmMemoryBase + tmMemoryPerCore x cores, so every subtask gets the same; the container figure is not held still'}",0,0,2881986560,4563402752,0.6081,0.3884,0.0035,0.3884,0.0022,1065.9,,d465a077bb70b189,2026-09-24T20:40:12Z,docs/skill-validation/article-gap/e0-article-build-java-choice/tinyproof.json,
article-gap,e0-article-build-java-choice,tinyproof,tinyproof,,2,2,tiny,OK,107304.3,block-trades-tiny/s,536521.3,output records/s,30.08,1.976,0.988,100.0,0.204,2.5,0.0815,0.007,422.0,"{'perCase': {'1': '2048m', '2': '3072m', '4': '5120m'}, 'rule': 'tmMemoryBase + tmMemoryPerCore x cores, so every subtask gets the same; the container figure is not held still'}",5,0,3455111168,4563402752,0.62,0.3721,0.0079,0.3721,0.0005,504.5,,d465a077bb70b189,2026-09-24T20:42:54Z,docs/skill-validation/article-gap/e0-article-build-java-choice/tinyproof.json,
article-gap,e0-article-build-java-choice,tinyproof,tinyproof,,4,4,tiny,OK,237662.1,block-trades-tiny/s,1188310.5,output records/s,34.54,3.965,0.9914,99.7,0.39,2.5,0.156,0.0028,392.0,"{'perCase': {'1': '2048m', '2': '3072m', '4': '5120m'}, 'rule': 'tmMemoryBase + tmMemoryPerCore x cores, so every subtask gets the same; the container figure is not held still'}",0,60766,2405351424,4563402752,0.5543,0.425,0.0208,0.425,0.0118,197.4,,d465a077bb70b189,2026-09-24T20:45:41Z,docs/skill-validation/article-gap/e0-article-build-java-choice/tinyproof.json,
article-gap,e1-article-build-g1,suite,suite.json,,1,1,p1-asc,OK,56560.5,block-trades/s,282802.4,output records/s,60.17,0.998,0.9979,100.0,0.098,2.5,0.039,0.0239,1438.0,"{'perCase': {'1': '2048m', '2': '3072m', '4': '5120m'}, 'rule': 'tmMemoryBase + tmMemoryPerCore x cores, so every subtask gets the same; the container figure is not held still'}",0,0,2586202112,4563402752,0.569,0.431,0.0,0.431,0.0027,2508.1,5000,d465a077bb70b189,2026-09-24T21:39:32Z,docs/skill-validation/article-gap/e1-article-build-g1/suite.json,
article-gap,e1-article-build-g1,suite,suite.json,,1,1,p2-desc,OK,62763.0,block-trades/s,313815.1,output records/s,60.13,0.951,0.9506,100.0,0.079,2.5,0.0317,0.0232,1394.0,"{'perCase': {'1': '2048m', '2': '3072m', '4': '5120m'}, 'rule': 'tmMemoryBase + tmMemoryPerCore x cores, so every subtask gets the same; the container figure is not held still'}",0,0,2555219968,4563402752,0.6378,0.3622,0.0,0.3622,0.0018,2260.2,5000,d465a077bb70b189,2026-09-24T22:01:28Z,docs/skill-validation/article-gap/e1-article-build-g1/suite.json,
article-gap,e1-article-build-g1,suite,suite.json,,1,1,p3-asc,OK,63011.9,block-trades/s,315059.5,output records/s,60.17,0.993,0.9932,99.8,0.089,2.5,0.0358,0.0234,1406.0,"{'perCase': {'1': '2048m', '2': '3072m', '4': '5120m'}, 'rule': 'tmMemoryBase + tmMemoryPerCore x cores, so every subtask gets the same; the container figure is not held still'}",0,0,2641891328,4563402752,0.6207,0.3793,0.0,0.3793,0.0015,2245.1,5000,d465a077bb70b189,2026-09-24T22:05:17Z,docs/skill-validation/article-gap/e1-article-build-g1/suite.json,
article-gap,e1-article-build-g1,suite,suite.json,,1,1,sentinel,OK,61060.3,block-trades/s,305301.5,output records/s,60.14,0.98,0.9799,100.0,0.082,2.5,0.0327,0.0222,1338.0,"{'perCase': {'1': '2048m', '2': '3072m', '4': '5120m'}, 'rule': 'tmMemoryBase + tmMemoryPerCore x cores, so every subtask gets the same; the container figure is not held still'}",0,5,2343985152,4563402752,0.5855,0.4145,0.0,0.4145,0.0025,2319.8,5000,d465a077bb70b189,2026-09-24T22:18:08Z,docs/skill-validation/article-gap/e1-article-build-g1/suite.json,
article-gap,e1-article-build-g1,suite,suite.json,,2,2,p1-asc,OK,111562.3,block-trades/s,557811.3,output records/s,60.1,1.986,0.993,100.0,0.181,2.5,0.0725,0.0069,827.0,"{'perCase': {'1': '2048m', '2': '3072m', '4': '5120m'}, 'rule': 'tmMemoryBase + tmMemoryPerCore x cores, so every subtask gets the same; the container figure is not held still'}",2153,16329,3296989184,4563402752,0.6162,0.3838,0.0,0.3838,0.0015,1206.8,5000,d465a077bb70b189,2026-09-24T21:43:46Z,docs/skill-validation/article-gap/e1-article-build-g1/suite.json,
article-gap,e1-article-build-g1,suite,suite.json,,2,2,p2-desc,OK,119679.1,block-trades/s,598395.3,output records/s,60.1,1.965,0.9826,100.0,0.169,2.5,0.0675,0.0072,864.0,"{'perCase': {'1': '2048m', '2': '3072m', '4': '5120m'}, 'rule': 'tmMemoryBase + tmMemoryPerCore x cores, so every subtask gets the same; the container figure is not held still'}",2523,46613,3259899904,4563402752,0.6327,0.3673,0.0,0.3673,0.002,1114.7,5000,d465a077bb70b189,2026-09-24T21:57:15Z,docs/skill-validation/article-gap/e1-article-build-g1/suite.json,
article-gap,e1-article-build-g1,suite,suite.json,,2,2,p3-asc,OK,117878.1,block-trades/s,589390.7,output records/s,60.12,1.902,0.9508,100.0,0.158,2.5,0.0631,0.008,958.0,"{'perCase': {'1': '2048m', '2': '3072m', '4': '5120m'}, 'rule': 'tmMemoryBase + tmMemoryPerCore x cores, so every subtask gets the same; the container figure is not held still'}",2572,28745,3229913088,4563402752,0.6135,0.3865,0.0,0.3865,0.0014,1135.3,5000,d465a077bb70b189,2026-09-24T22:09:16Z,docs/skill-validation/article-gap/e1-article-build-g1/suite.json,
article-gap,e1-article-build-g1,suite,suite.json,,4,4,p1-asc,OK,227207.0,block-trades/s,1136035.2,output records/s,60.12,3.966,0.9915,99.8,0.338,2.5,0.1352,0.0033,790.0,"{'perCase': {'1': '2048m', '2': '3072m', '4': '5120m'}, 'rule': 'tmMemoryBase + tmMemoryPerCore x cores, so every subtask gets the same; the container figure is not held still'}",0,102893,1555709952,4563402752,0.5763,0.4237,0.0,0.4237,0.0009,514.6,5000,d465a077bb70b189,2026-09-24T21:47:55Z,docs/skill-validation/article-gap/e1-article-build-g1/suite.json,
article-gap,e1-article-build-g1,suite,suite.json,,4,4,p2-desc,OK,229294.0,block-trades/s,1146470.2,output records/s,60.11,3.93,0.9825,99.7,0.332,2.5,0.1327,0.0029,695.0,"{'perCase': {'1': '2048m', '2': '3072m', '4': '5120m'}, 'rule': 'tmMemoryBase + tmMemoryPerCore x cores, so every subtask gets the same; the container figure is not held still'}",0,107140,1442721792,4563402752,0.5501,0.4499,0.0,0.4499,0.0018,509.1,5000,d465a077bb70b189,2026-09-24T21:52:36Z,docs/skill-validation/article-gap/e1-article-build-g1/suite.json,
article-gap,e1-article-build-g1,suite,suite.json,,4,4,p3-asc,OK,238284.7,block-trades/s,1191423.6,output records/s,60.09,3.806,0.9516,99.8,0.308,2.5,0.1234,0.0031,751.0,"{'perCase': {'1': '2048m', '2': '3072m', '4': '5120m'}, 'rule': 'tmMemoryBase + tmMemoryPerCore x cores, so every subtask gets the same; the container figure is not held still'}",0,105907,1359462400,4563402752,0.5876,0.4124,0.0,0.4124,0.001,487.6,5000,d465a077bb70b189,2026-09-24T22:13:33Z,docs/skill-validation/article-gap/e1-article-build-g1/suite.json,
article-gap,e1-article-build-g1,tinyproof,tinyproof,,1,1,tiny,OK,52879.9,block-trades-tiny/s,264399.7,output records/s,30.08,0.994,0.9936,100.0,0.09,2.5,0.036,0.0293,882.0,"{'perCase': {'1': '2048m', '2': '3072m', '4': '5120m'}, 'rule': 'tmMemoryBase + tmMemoryPerCore x cores, so every subtask gets the same; the container figure is not held still'}",0,0,2881986560,4563402752,0.6081,0.3884,0.0035,0.3884,0.0022,1065.9,,d465a077bb70b189,2026-09-24T20:40:12Z,docs/skill-validation/article-gap/e1-article-build-g1/tinyproof.json,
article-gap,e1-article-build-g1,tinyproof,tinyproof,,2,2,tiny,OK,107304.3,block-trades-tiny/s,536521.3,output records/s,30.08,1.976,0.988,100.0,0.204,2.5,0.0815,0.007,422.0,"{'perCase': {'1': '2048m', '2': '3072m', '4': '5120m'}, 'rule': 'tmMemoryBase + tmMemoryPerCore x cores, so every subtask gets the same; the container figure is not held still'}",5,0,3455111168,4563402752,0.62,0.3721,0.0079,0.3721,0.0005,504.5,,d465a077bb70b189,2026-09-24T20:42:54Z,docs/skill-validation/article-gap/e1-article-build-g1/tinyproof.json,
article-gap,e1-article-build-g1,tinyproof,tinyproof,,4,4,tiny,OK,237662.1,block-trades-tiny/s,1188310.5,output records/s,34.54,3.965,0.9914,99.7,0.39,2.5,0.156,0.0028,392.0,"{'perCase': {'1': '2048m', '2': '3072m', '4': '5120m'}, 'rule': 'tmMemoryBase + tmMemoryPerCore x cores, so every subtask gets the same; the container figure is not held still'}",0,60766,2405351424,4563402752,0.5543,0.425,0.0208,0.425,0.0118,197.4,,d465a077bb70b189,2026-09-24T20:45:41Z,docs/skill-validation/article-gap/e1-article-build-g1/tinyproof.json,
article-gap,e2-run48-build-java-choice,suite,suite.json,,1,1,p1-asc,OK,122533.7,orders/s,612668.3,output records/s,60.14,0.957,0.9573,100.0,0.128,2.5,0.0513,0.0327,1966.0,"{'perCase': {'1': '1536m', '2': '2048m', '4': '3072m'}, 'rule': 'tmMemoryBase + tmMemoryPerCore x cores, so every subtask gets the same; the container figure is not held still'}",2253,127232,4430532608,5368709120,0.676,0.324,0.0,0.324,0.0018,1907.2,10000,12d4d5de99ecf590,2026-09-24T22:26:26Z,docs/skill-validation/article-gap/e2-run48-build-java-choice/suite.json,
article-gap,e2-run48-build-java-choice,suite,suite.json,,1,1,p2-desc,OK,117979.8,orders/s,589899.0,output records/s,69.67,0.988,0.9878,100.0,0.121,2.5,0.0483,0.0458,3191.0,"{'perCase': {'1': '1536m', '2': '2048m', '4': '3072m'}, 'rule': 'tmMemoryBase + tmMemoryPerCore x cores, so every subtask gets the same; the container figure is not held still'}",1781,36974,4378697728,5368709120,0.7106,0.2881,0.0013,0.2881,0.0042,1973.5,10000,12d4d5de99ecf590,2026-09-24T22:47:04Z,docs/skill-validation/article-gap/e2-run48-build-java-choice/suite.json,
article-gap,e2-run48-build-java-choice,suite,suite.json,,1,1,p3-asc,OK,119801.4,orders/s,599006.9,output records/s,60.12,1.0,1.0003,99.8,0.12,2.5,0.0482,0.0375,2255.0,"{'perCase': {'1': '1536m', '2': '2048m', '4': '3072m'}, 'rule': 'tmMemoryBase + tmMemoryPerCore x cores, so every subtask gets the same; the container figure is not held still'}",1085,15128,4370329600,5368709120,0.689,0.311,0.0,0.311,0.0027,1950.3,10000,12d4d5de99ecf590,2026-09-24T22:51:14Z,docs/skill-validation/article-gap/e2-run48-build-java-choice/suite.json,
article-gap,e2-run48-build-java-choice,suite,suite.json,,1,1,sentinel,OK,118335.1,orders/s,591675.6,output records/s,60.15,0.995,0.9954,100.0,0.122,2.5,0.049,0.0453,2725.0,"{'perCase': {'1': '1536m', '2': '2048m', '4': '3072m'}, 'rule': 'tmMemoryBase + tmMemoryPerCore x cores, so every subtask gets the same; the container figure is not held still'}",1694,17458,4328235008,5368709120,0.7622,0.2378,0.0,0.2378,0.0016,1969.6,10000,12d4d5de99ecf590,2026-09-24T23:02:40Z,docs/skill-validation/article-gap/e2-run48-build-java-choice/suite.json,
article-gap,e2-run48-build-java-choice,suite,suite.json,,2,2,p1-asc,OK,246454.1,orders/s,1232270.3,output records/s,60.13,2.001,1.0006,100.0,0.232,2.5,0.0927,0.0155,1860.0,"{'perCase': {'1': '1536m', '2': '2048m', '4': '3072m'}, 'rule': 'tmMemoryBase + tmMemoryPerCore x cores, so every subtask gets the same; the container figure is not held still'}",5057,267948,4401418240,5368709120,0.7756,0.2178,0.0066,0.2178,0.0024,872.9,10000,12d4d5de99ecf590,2026-09-24T22:30:06Z,docs/skill-validation/article-gap/e2-run48-build-java-choice/suite.json,
article-gap,e2-run48-build-java-choice,suite,suite.json,,2,2,p2-desc,OK,226252.1,orders/s,1131260.6,output records/s,60.15,2.007,1.0033,100.0,0.264,2.5,0.1054,0.0138,1655.0,"{'perCase': {'1': '1536m', '2': '2048m', '4': '3072m'}, 'rule': 'tmMemoryBase + tmMemoryPerCore x cores, so every subtask gets the same; the container figure is not held still'}",4245,179892,4373671936,5368709120,0.7654,0.2247,0.0099,0.2247,0.0029,946.8,10000,12d4d5de99ecf590,2026-09-24T22:42:42Z,docs/skill-validation/article-gap/e2-run48-build-java-choice/suite.json,
article-gap,e2-run48-build-java-choice,suite,suite.json,,2,2,p3-asc,OK,232190.8,orders/s,1160954.0,output records/s,69.63,2.009,1.0043,100.0,0.225,2.5,0.0899,0.0159,2221.0,"{'perCase': {'1': '1536m', '2': '2048m', '4': '3072m'}, 'rule': 'tmMemoryBase + tmMemoryPerCore x cores, so every subtask gets the same; the container figure is not held still'}",4800,193978,4356382720,5368709120,0.7566,0.2396,0.0039,0.2396,0.0047,928.1,10000,12d4d5de99ecf590,2026-09-24T22:55:12Z,docs/skill-validation/article-gap/e2-run48-build-java-choice/suite.json,
article-gap,e2-run48-build-java-choice,suite,suite.json,,4,4,p1-asc,OK,456430.5,orders/s,2282152.4,output records/s,60.14,3.989,0.9972,99.7,0.523,2.5,0.2093,0.0086,2063.0,"{'perCase': {'1': '1536m', '2': '2048m', '4': '3072m'}, 'rule': 'tmMemoryBase + tmMemoryPerCore x cores, so every subtask gets the same; the container figure is not held still'}",0,495650,3729453056,5368709120,0.8511,0.1313,0.0177,0.1313,0.0036,372.0,10000,12d4d5de99ecf590,2026-09-24T22:34:11Z,docs/skill-validation/article-gap/e2-run48-build-java-choice/suite.json,
article-gap,e2-run48-build-java-choice,suite,suite.json,,4,4,p2-desc,OK,442351.7,orders/s,2211758.4,output records/s,60.1,4.016,1.0039,100.0,0.548,2.5,0.2192,0.0091,2193.0,"{'perCase': {'1': '1536m', '2': '2048m', '4': '3072m'}, 'rule': 'tmMemoryBase + tmMemoryPerCore x cores, so every subtask gets the same; the container figure is not held still'}",0,387896,3641098240,5368709120,0.8409,0.1426,0.0165,0.1426,0.0006,417.4,10000,12d4d5de99ecf590,2026-09-24T22:38:40Z,docs/skill-validation/article-gap/e2-run48-build-java-choice/suite.json,
article-gap,e2-run48-build-java-choice,suite,suite.json,,4,4,p3-asc,OK,440108.5,orders/s,2200542.6,output records/s,60.13,3.979,0.9947,99.5,0.525,2.5,0.2101,0.0078,1871.0,"{'perCase': {'1': '1536m', '2': '2048m', '4': '3072m'}, 'rule': 'tmMemoryBase + tmMemoryPerCore x cores, so every subtask gets the same; the container figure is not held still'}",0,369263,3474751488,5368709120,0.8312,0.1504,0.0184,0.1504,0.0003,420.0,10000,12d4d5de99ecf590,2026-09-24T22:58:58Z,docs/skill-validation/article-gap/e2-run48-build-java-choice/suite.json,
article-gap,e2-run48-build-java-choice,tinyproof,tinyproof,,1,1,tiny,OK,131780.7,orders-tiny/s,658903.6,output records/s,30.06,1.003,1.0027,100.0,0.111,2.5,0.0444,0.037,1111.0,"{'perCase': {'1': '1536m', '2': '2048m', '4': '3072m'}, 'rule': 'tmMemoryBase + tmMemoryPerCore x cores, so every subtask gets the same; the container figure is not held still'}",0,71264,4090585088,5368709120,0.7133,0.2867,0.0,0.2867,0.0028,1048.7,,12d4d5de99ecf590,2026-09-24T15:08:52Z,docs/skill-validation/article-gap/e2-run48-build-java-choice/tinyproof.json,
article-gap,e2-run48-build-java-choice,tinyproof,tinyproof,,2,2,tiny,OK,241671.1,orders-tiny/s,1208355.3,output records/s,30.05,1.982,0.9911,100.0,0.214,2.5,0.0856,0.0189,1136.0,"{'perCase': {'1': '1536m', '2': '2048m', '4': '3072m'}, 'rule': 'tmMemoryBase + tmMemoryPerCore x cores, so every subtask gets the same; the container figure is not held still'}",0,129376,3711590400,5368709120,0.7753,0.2165,0.008,0.2165,0.0026,520.1,,12d4d5de99ecf590,2026-09-24T15:12:09Z,docs/skill-validation/article-gap/e2-run48-build-java-choice/tinyproof.json,
article-gap,e2-run48-build-java-choice,tinyproof,tinyproof,,4,4,tiny,OK,486885.3,orders-tiny/s,2434426.6,output records/s,30.05,3.981,0.9954,99.3,0.496,2.5,0.1985,0.0077,923.0,"{'perCase': {'1': '1536m', '2': '2048m', '4': '3072m'}, 'rule': 'tmMemoryBase + tmMemoryPerCore x cores, so every subtask gets the same; the container figure is not held still'}",0,264280,3643777024,5368709120,0.8396,0.1392,0.0212,0.1392,0.0044,229.1,,12d4d5de99ecf590,2026-09-24T15:15:30Z,docs/skill-validation/article-gap/e2-run48-build-java-choice/tinyproof.json,
payload-2k,results-2026-09-14-f32,tinyproof,tinyproof,,1,1,tiny,OK,24535.6,block-trades-tiny/s,122677.9,output records/s,34.55,1.003,1.0025,100.0,0.073,2.5,0.0291,0.014,483.0,,0,0,1505775616,4294967296,0.9664,0.0269,0.0068,0.0269,0.0096,748.4,,4b4039306a87c0d0,2026-09-15T02:03:36Z,docs/skill-validation/payload-2k/results-2026-09-14-f32/tinyproof.json,no sibling suite.json; memory config not recorded here
payload-2k,results-2026-09-14-f32,tinyproof,tinyproof,,4,4,tiny,OK,38175.0,block-trades-tiny/s,190874.8,output records/s,30.74,3.996,0.9991,97.7,0.398,2.5,0.1593,0.0033,408.0,,0,12864,1120436224,4294967296,0.9807,0.0193,0.0,0.0193,0.0033,350.0,,4b4039306a87c0d0,2026-09-15T02:06:16Z,docs/skill-validation/payload-2k/results-2026-09-14-f32/tinyproof.json,no sibling suite.json; memory config not recorded here
payload-2k,results-2026-09-15-base,tinyproof,tinyproof,,1,1,tiny,OK,68203.0,block-trades-tiny/s,341014.8,output records/s,30.02,0.999,0.9994,100.0,0.096,2.5,0.0386,0.0224,671.0,,0,0,2189586432,4294967296,0.7259,0.2639,0.0103,0.2639,0.0018,828.7,,4b4039306a87c0d0,2026-09-15T09:04:53Z,docs/skill-validation/payload-2k/results-2026-09-15-base/tinyproof.json,no sibling suite.json; memory config not recorded here
payload-2k,results-2026-09-15-base,tinyproof,tinyproof,,4,4,tiny,OK,294690.9,block-trades-tiny/s,1473454.5,output records/s,30.05,4.023,1.0058,99.0,0.313,2.5,0.125,0.0022,270.0,,0,59992,1013493760,4294967296,0.4863,0.5081,0.0056,0.5081,0.0024,139.8,,4b4039306a87c0d0,2026-09-15T09:07:25Z,docs/skill-validation/payload-2k/results-2026-09-15-base/tinyproof.json,no sibling suite.json; memory config not recorded here
payload-2k,results-2026-09-15-f32,tinyproof,tinyproof,,1,1,tiny,OK,22732.8,block-trades-tiny/s,113664.0,output records/s,30.07,0.996,0.9959,100.0,0.083,2.5,0.0333,0.0196,588.0,,0,0,1275478016,4294967296,0.9443,0.0504,0.0053,0.0504,0.0031,818.1,,4b4039306a87c0d0,2026-09-15T08:54:25Z,docs/skill-validation/payload-2k/results-2026-09-15-f32/tinyproof.json,no sibling suite.json; memory config not recorded here
payload-2k,results-2026-09-15-f32,tinyproof,tinyproof,,4,4,tiny,OK,103907.8,block-trades-tiny/s,519538.8,output records/s,30.06,3.969,0.9922,100.0,0.214,2.5,0.0855,0.0034,405.0,,0,35296,1266663424,4294967296,0.9403,0.0516,0.0081,0.0516,0.0016,133.7,,4b4039306a87c0d0,2026-09-15T08:57:07Z,docs/skill-validation/payload-2k/results-2026-09-15-f32/tinyproof.json,no sibling suite.json; memory config not recorded here
payload-2k,results-2026-09-20-f32,tinyproof,tinyproof,,1,1,tiny,OK,24933.6,block-trades-tiny/s,124667.9,output records/s,30.02,0.996,0.9959,100.0,0.077,2.5,0.0307,0.0174,523.0,,0,0,1128202240,4294967296,0.924,0.0603,0.0157,0.0603,0.0009,752.5,,839fcde2930d7c54,2026-09-20T10:05:24Z,docs/skill-validation/payload-2k/results-2026-09-20-f32/tinyproof.json,no sibling suite.json; memory config not recorded here
payload-2k,results-2026-09-20-f32,tinyproof,tinyproof,,4,4,tiny,OK,104558.7,block-trades-tiny/s,522793.6,output records/s,30.05,3.967,0.9917,100.0,0.235,2.5,0.0938,0.0037,449.0,,0,35519,1259999232,4294967296,0.9461,0.043,0.0109,0.043,0.0028,138.3,,839fcde2930d7c54,2026-09-20T10:07:55Z,docs/skill-validation/payload-2k/results-2026-09-20-f32/tinyproof.json,no sibling suite.json; memory config not recorded here
payload-2k,results-2026-09-20-once,tinyproof,tinyproof,,1,1,tiny,OK,30553.3,block-trades-tiny/s,152766.3,output records/s,34.57,1.006,1.0057,100.0,0.072,2.5,0.0289,0.0178,614.0,,0,0,1336627200,4294967296,0.7745,0.2171,0.0085,0.2171,0.0091,594.8,,839fcde2930d7c54,2026-09-20T09:55:56Z,docs/skill-validation/payload-2k/results-2026-09-20-once/tinyproof.json,no sibling suite.json; memory config not recorded here
payload-2k,results-2026-09-20-once,tinyproof,tinyproof,,4,4,tiny,OK,130087.2,block-trades-tiny/s,650435.8,output records/s,30.08,4.0,1.0001,99.7,0.302,2.5,0.1207,0.0033,394.0,,0,44800,1215164416,4294967296,0.8446,0.1386,0.0168,0.1386,0.0031,101.4,,839fcde2930d7c54,2026-09-20T09:58:28Z,docs/skill-validation/payload-2k/results-2026-09-20-once/tinyproof.json,no sibling suite.json; memory config not recorded here
article-gap,vendor-run49-on-apache,suite,suite.json,,1,1,p1-asc,OK,128001.8,orders/s,640009.0,output records/s,60.15,0.996,0.9955,100.0,0.111,2.5,0.0444,0.0281,1689.0,"{'perCase': {'1': '1536m', '2': '2048m', '4': '3072m'}, 'rule': 'tmMemoryBase + tmMemoryPerCore x cores, so every subtask gets the same; the container figure is not held still'}",0,105696,3845828608,5637144576,0.5162,0.4838,0.0,0.4838,0.0027,2200.2,10000,0b585bd3f4abe677,2026-09-24T19:39:58Z,docs/skill-validation/article-gap/vendor-run49-on-apache/suite.json,
article-gap,vendor-run49-on-apache,suite,suite.json,,1,1,p2-desc,OK,124330.1,orders/s,621650.6,output records/s,60.17,1.0,0.9998,100.0,0.108,2.5,0.043,0.0298,1796.0,"{'perCase': {'1': '1536m', '2': '2048m', '4': '3072m'}, 'rule': 'tmMemoryBase + tmMemoryPerCore x cores, so every subtask gets the same; the container figure is not held still'}",0,19959,3692859392,5637144576,0.517,0.4827,0.0003,0.4827,0.0057,2272.3,10000,0b585bd3f4abe677,2026-09-24T20:00:10Z,docs/skill-validation/article-gap/vendor-run49-on-apache/suite.json,
article-gap,vendor-run49-on-apache,suite,suite.json,,1,1,p3-asc,OK,132770.0,orders/s,663850.1,output records/s,69.69,0.997,0.9967,100.0,0.115,2.5,0.0462,0.0306,2130.0,"{'perCase': {'1': '1536m', '2': '2048m', '4': '3072m'}, 'rule': 'tmMemoryBase + tmMemoryPerCore x cores, so every subtask gets the same; the container figure is not held still'}",0,35392,3685101568,5637144576,0.5417,0.457,0.0013,0.457,0.0028,2112.1,10000,0b585bd3f4abe677,2026-09-24T20:03:56Z,docs/skill-validation/article-gap/vendor-run49-on-apache/suite.json,
article-gap,vendor-run49-on-apache,suite,suite.json,,1,1,sentinel,OK,129546.1,orders/s,647730.3,output records/s,60.17,0.997,0.9974,100.0,0.117,2.5,0.0469,0.0315,1893.0,"{'perCase': {'1': '1536m', '2': '2048m', '4': '3072m'}, 'rule': 'tmMemoryBase + tmMemoryPerCore x cores, so every subtask gets the same; the container figure is not held still'}",808,19906,4242452480,5637144576,0.5437,0.456,0.0003,0.456,0.0042,2173.0,10000,0b585bd3f4abe677,2026-09-24T20:16:30Z,docs/skill-validation/article-gap/vendor-run49-on-apache/suite.json,
article-gap,vendor-run49-on-apache,suite,suite.json,,2,2,p1-asc,OK,261113.3,orders/s,1305566.4,output records/s,60.12,2.002,1.001,100.0,0.217,2.5,0.0867,0.02,2399.0,"{'perCase': {'1': '1536m', '2': '2048m', '4': '3072m'}, 'rule': 'tmMemoryBase + tmMemoryPerCore x cores, so every subtask gets the same; the container figure is not held still'}",0,213037,3394756608,5637144576,0.585,0.4061,0.0089,0.4061,0.001,1006.8,10000,0b585bd3f4abe677,2026-09-24T19:43:58Z,docs/skill-validation/article-gap/vendor-run49-on-apache/suite.json,
article-gap,vendor-run49-on-apache,suite,suite.json,,2,2,p2-desc,OK,261371.1,orders/s,1306855.7,output records/s,69.69,2.0,0.9998,100.0,0.21,2.5,0.0841,0.0137,1911.0,"{'perCase': {'1': '1536m', '2': '2048m', '4': '3072m'}, 'rule': 'tmMemoryBase + tmMemoryPerCore x cores, so every subtask gets the same; the container figure is not held still'}",0,206979,3339919360,5637144576,0.585,0.4064,0.0086,0.4064,0.0048,997.5,10000,0b585bd3f4abe677,2026-09-24T19:55:54Z,docs/skill-validation/article-gap/vendor-run49-on-apache/suite.json,
article-gap,vendor-run49-on-apache,suite,suite.json,,2,2,p3-asc,OK,251081.8,orders/s,1255409.2,output records/s,69.7,2.005,1.0026,100.0,0.201,2.5,0.0805,0.0181,2526.0,"{'perCase': {'1': '1536m', '2': '2048m', '4': '3072m'}, 'rule': 'tmMemoryBase + tmMemoryPerCore x cores, so every subtask gets the same; the container figure is not held still'}",0,174013,3216973824,5637144576,0.568,0.4211,0.0109,0.4211,0.0046,1040.8,10000,0b585bd3f4abe677,2026-09-24T20:08:09Z,docs/skill-validation/article-gap/vendor-run49-on-apache/suite.json,
article-gap,vendor-run49-on-apache,suite,suite.json,,4,4,p1-asc,OK,470838.1,orders/s,2354190.6,output records/s,60.13,3.986,0.9965,100.0,0.437,2.5,0.1746,0.0083,2002.0,"{'perCase': {'1': '1536m', '2': '2048m', '4': '3072m'}, 'rule': 'tmMemoryBase + tmMemoryPerCore x cores, so every subtask gets the same; the container figure is not held still'}",0,367477,2491109376,5637144576,0.7176,0.2701,0.0123,0.2701,0.0026,481.7,10000,0b585bd3f4abe677,2026-09-24T19:47:47Z,docs/skill-validation/article-gap/vendor-run49-on-apache/suite.json,
article-gap,vendor-run49-on-apache,suite,suite.json,,4,4,p2-desc,OK,491509.6,orders/s,2457548.0,output records/s,60.1,3.993,0.9983,100.0,0.424,2.5,0.1697,0.0091,2198.0,"{'perCase': {'1': '1536m', '2': '2048m', '4': '3072m'}, 'rule': 'tmMemoryBase + tmMemoryPerCore x cores, so every subtask gets the same; the container figure is not held still'}",0,377028,2455871488,5637144576,0.734,0.25,0.016,0.25,0.0014,461.6,10000,0b585bd3f4abe677,2026-09-24T19:51:48Z,docs/skill-validation/article-gap/vendor-run49-on-apache/suite.json,
article-gap,vendor-run49-on-apache,suite,suite.json,,4,4,p3-asc,OK,481152.8,orders/s,2405764.2,output records/s,69.62,3.996,0.999,99.9,0.459,2.5,0.1834,0.0085,2378.0,"{'perCase': {'1': '1536m', '2': '2048m', '4': '3072m'}, 'rule': 'tmMemoryBase + tmMemoryPerCore x cores, so every subtask gets the same; the container figure is not held still'}",0,457079,3322712064,5637144576,0.7149,0.2712,0.0139,0.2712,0.0048,466.0,10000,0b585bd3f4abe677,2026-09-24T20:12:25Z,docs/skill-validation/article-gap/vendor-run49-on-apache/suite.json,
article-gap,vendor-run49-on-apache,tinyproof,tinyproof,,1,1,tiny,OK,130335.2,orders-tiny/s,651675.8,output records/s,30.1,0.987,0.9872,99.7,0.118,2.5,0.0474,0.0371,1117.0,"{'perCase': {'1': '1536m', '2': '2048m', '4': '3072m'}, 'rule': 'tmMemoryBase + tmMemoryPerCore x cores, so every subtask gets the same; the container figure is not held still'}",0,53920,3804139520,5637144576,0.5488,0.4469,0.0043,0.4469,0.0047,1154.0,,0b585bd3f4abe677,2026-09-24T19:25:56Z,docs/skill-validation/article-gap/vendor-run49-on-apache/tinyproof.json,
article-gap,vendor-run49-on-apache,tinyproof,tinyproof,,2,2,tiny,OK,271857.3,orders-tiny/s,1359286.7,output records/s,30.08,1.981,0.9904,100.0,0.193,2.5,0.0771,0.0174,1046.0,"{'perCase': {'1': '1536m', '2': '2048m', '4': '3072m'}, 'rule': 'tmMemoryBase + tmMemoryPerCore x cores, so every subtask gets the same; the container figure is not held still'}",0,111456,3303899136,5637144576,0.6179,0.3697,0.0124,0.3697,0.0015,502.4,,0b585bd3f4abe677,2026-09-24T19:28:21Z,docs/skill-validation/article-gap/vendor-run49-on-apache/tinyproof.json,
article-gap,vendor-run49-on-apache,tinyproof,tinyproof,,4,4,tiny,OK,513957.9,orders-tiny/s,2569789.4,output records/s,30.03,3.979,0.9947,99.7,0.391,2.5,0.1563,0.0106,1268.0,"{'perCase': {'1': '1536m', '2': '2048m', '4': '3072m'}, 'rule': 'tmMemoryBase + tmMemoryPerCore x cores, so every subtask gets the same; the container figure is not held still'}",0,210893,2536321024,5637144576,0.6937,0.2867,0.0196,0.2867,0.0002,242.7,,0b585bd3f4abe677,2026-09-24T19:31:15Z,docs/skill-validation/article-gap/vendor-run49-on-apache/tinyproof.json,
